,name,votes,title,short
0,æ®‡æ½®|Enigma,6446,è¿˜è¡Œ,ç¬¬ä¸€ä¸ªå½©è›‹æ¯”æ­£ç‰‡å¥½çœ‹ï¼Ÿ
1,kakakarl,3457,è¿˜è¡Œ,å¥³ä¸»å¦ˆ30å¹´ä¸æ™•ä¸æŸ“çœ¼å½±ç«æ¯›è†äº†è§£ä¸€ä¸‹ï½ž
2,å‡Œç¿,2657,æŽ¨è,"1.æŠŠè·¯æ˜“æ–¯ã€èšäººã€é’¢é“ä¾ ã€æ˜Ÿçˆµã€æ­»ä¾ã€èœ˜è››ä¾ åºŸé™¤è¶…èƒ½åŠ›åŽå…³åœ¨ä¸€ä¸ªæˆ¿é—´é‡Œï¼Œè¯·é—®è°èƒ½æ´»åˆ°æœ€åŽï¼Ÿ
2.æœ€é«˜å¸ä»¤ç«Ÿç„¶è¾žèŒåŽ»ç¾Žå›½å½“äº†FBIæŽ¢å‘˜ï¼Œå›å¾’ï¼
3.æ–¯å¦Â·æŽä»Šå¹´å¤ªæƒ¨äº†ï¼ŒèµŒåšèµŒåˆ°ä¸€åŠèµŒåœºè¢«ç‚¸äº†ï¼Œæ±½è½¦çªç„¶å˜æˆäº†çŽ©å…·è½¦ï¼Œå¼€æ ¡è½¦é‡åˆ°UFOï¼Œæœ€åŽè¿˜è¢«ç­éœ¸ä¸€ä¸ªå“æŒ‡æ‰“æ²¡äº†ã€‚
4.æŽæ˜“å³°ä¸ºä»€ä¹ˆä¸å·ä¸€ä»¶èšäººæˆ˜è¡£å†ä¸‹èˆ¹ã€‚
ã€æœ‰2ä¸ªå½©è›‹ï¼Œç¬¬2ä¸ªå½©è›‹å’Œã€Šèœ˜è››ä¾ ï¼šè‹±é›„å½’æ¥ã€‹çš„ç¬¬2ä¸ªå½©è›‹ä¸€æ ·å‘çˆ¹ã€‚ã€‘"
3,åŒå¿—äº¦å‡¡äººä¸­æ–‡ç«™,1749,æŽ¨è,å¨±ä¹æ€§å¾ˆå¼ºï¼Œå¯æƒœåæ´¾å¤ªå¼±ï¼Œå¥½åœ¨ä¸€çœ‹å°±æ˜¯ç»™å¦‡è”4è¿‡æ¸¡ç”¨çš„ã€‚èšäººé‚£å“¥ä»¬å’Œæ­»ä¾è¿˜æœ‰å°èœ˜è››å¯ä»¥æ¯”æ¯”çœ‹è°æ˜¯è¯ç—¨ä¹‹çŽ‹ã€‚æ¼«å¨æ˜¯é“äº†å¿ƒè¦æŠŠå¤§æ‹›æ†‹åˆ°æœ€åŽå•Šï¼Œçœ‹åˆ°ä¸€ä¸ªå“æŒ‡XXXåˆæ²¡äº†æˆ‘å·²ç»ä¸å¿ƒå¡žäº†...ï¼ˆæ‰æ€ªï¼‰
4,èš‚èšçŽ›ä¸½_,1325,æŽ¨è,å¦ˆå¦ˆå®žåœ¨å¤ªç¾Žäº†â€¦â€¦
5,æŸ¥ç†ä¸å¼€æœ—,755,åŠ›è,MARVELç‚ºäº†ä¸è®“èŸ»äººå‡ºç¾åœ¨å©¦è¯4è£¡ä¹Ÿæ˜¯è²»ç›¡å¿ƒæ©Ÿå•Šâ‹¯
6,èŠ±è¢­äºº,753,è¿˜è¡Œ,é‡å­ç©ºé—´æ˜¯å¼€ç¾Žå®¹é™¢çš„å¥½åœ°æ–¹ã€‚
7,å”å°è´±,584,è¿˜è¡Œ,æ¼«å¨ç”¨äº†ä¸€æ•´éƒ¨ç”µå½±æ¥è§£é‡Šèšäººä¸ºä»€ä¹ˆæ²¡æœ‰åœ¨å¤è”3ä¸­å‡ºçŽ°ï¼Œè¯¦æƒ…è¯·è§ç¬¬ä¸€ä¸ªå½©è›‹ã€‚
8,æ··æ–—,562,æŽ¨è,å¦‚æžœå¿½ç•¥ç¬¬ä¸€ä¸ªå½©è›‹çš„è¯ï¼Œè¿™å°±æ˜¯ä¸€éƒ¨å¾ˆè½»æ¾ã€å¾ˆåˆå®¶æ¬¢çš„ç”µå½±ã€‚å‡ æ®µè¿½è½¦æˆçœŸçš„å¾ˆæžç¬‘ï¼Œå®³å¾—æˆ‘å·®ç‚¹æ´’äº†å¯ä¹ã€‚ä»¤æˆ‘å¤±æœ›çš„æ˜¯ï¼Œå­Ÿè²æ–¯å½“äº†ä¸€æ¬¡è€å¥½äººã€‚
9,ä¸ƒå°å§Claudia,419,åŠ›è,å‰éš†å¡é¦–æ˜ æ—¥ï¼šä¸ç®¡å¤šå°¿æ€¥éƒ½è¦ç­‰å®Œç¬¬ä¸€ä¸ªå½©è›‹ï¼ï¼ï¼ä¸ç”¨ç­‰ç¬¬äºŒä¸ªï¼ï¼ï¼
10,é¥®æ­Œ,336,è¿˜è¡Œ,è¿™ä¹ˆä¸æ€è¿›å–çš„æœ¬å­ï¼Œä¹Ÿäºæ¼«å¨è¿˜æŠŠå®ƒæ‹å‡ºæ¥ã€‚â€œå¥—è·¯â€äºŒå­—ç®€ç›´è·Ÿå˜å¤§ä»¥åŽçš„èšäººä¸€æ ·æƒŠäººã€‚
11,æ™šå®‰å¥½è¿Â©,379,è¿˜è¡Œ,é‡å­é¢†åŸŸæ˜¯ä¸ªå®ï¼Œä¸åƒä¸å–ç…§æ ·å¥½
12,æ¬¡ç­‰æ°´è´§,402,è¿˜è¡Œ,äº”åˆ†é’Ÿï¼ŒæŠŠå®žéªŒå®¤å¤§æ¥¼çš„é‚£ä¸ªæ‹‰æ†ç®±å‘¨è¾¹çš„è´­ä¹°é“¾æŽ¥å‘ç»™æˆ‘ã€‚
13,Iker,386,è¿˜è¡Œ,çœ‹äº†ä¸¤ä¸ªå°æ—¶å¹¿å‘Šæ­£ç‰‡æ‰å¼€å§‹ã€‚
14,ç„šç´™æ¨“,263,è¾ƒå·®,MCUè¯å‹•è¨ˆåŠƒä¸‹çš„å—å®³è€…ã€‚å¼·è¡ŒæŠŠä¸€å°é»‘ç§‘æŠ€ä¸ä¸‹é‹¼éµäººçš„è¶…èƒ½è‹±é›„é™åˆ¶åœ¨ä¸€å€‹åªèƒ½ç•¶ç•¶ç¾©è³Šçš„å¸‚äº•å°æ°‘çš„å®šä½ï¼Œçµæžœå°±æ˜¯æƒ…ç¯€æ–½å±•èµ·ä¾†ç¸®æ‰‹ç¸®è…³ï¼Œæ ¼å±€ç„¡æ³•å¤ªå°å»åˆä¸è¢«å…è¨±æ“´å¤§çš„å°·å°¬ã€‚ä¸”çµå°¾é€™éº¼ä¸€æŽ¥ã€Šå¾©ä»‡è€…3ã€‹ï¼Œè±ˆä¸é¡¯å¾—çš®å§†é€™äº›è¥¿å²¸äººçµ²æ¯«ä¸é¡§æ±å²¸æ­£ç™¼ç”Ÿå®‡å®™å±æ©Ÿçš„æ­»æ´»ï¼Ÿé€™æ¨£æœªå…å¤ªä¸ã€Œè‹±é›„ã€äº†å§â€¦â€¦
15,Alter Ego,256,è¿˜è¡Œ,Marvel Studioï¼šæˆ‘ä»¬åªåœ¨ä¹Žäº²å„¿å­åˆä»£å¤ä»‡è€…è”ç›Ÿï¼Œå…¶ä»–å¤çº¿è§’è‰²ï¼Œæˆ‘ä»¬å°±ä»Žç¬¬ä¸€éƒ¨å’Œcivil waré‡Œé€‰ç‚¹è€æ¢—æ‹ç»™ä½ ä»¬çœ‹å§ã€‚
16,toishiki,262,åŠ›è,å–œæ¬¢ï¼æ¯”ç¬¬ä¸€éƒ¨å¥½çœ‹å¤šäº†ï¼ï¼ï¼å¥½gayæˆ‘å¥½å–œæ¬¢ï¼ç¬¬ä¸€ä¸ªå½©è›‹ä¹Ÿå¤ªè¿‡åˆ†äº†
17,éŸ³ç”»ç»ƒä¹ æ›²,230,æŽ¨è,ç¬¬äºŒéƒ¨æƒ…èŠ‚æ¾ç´§ç©¿æ’èŠ‚å¥åˆç†ã€‚èšäºº1å»¶ç»­ä¸‹æ¥çš„æ—¥å¸¸æžç¬‘é£Žæ ¼ï¼Œç¬‘ç‚¹å¾ˆå¤šè€Œä¸”ä¸è¿å’Œã€‚å¤–ç½‘è¯„ä»·æ¼«å¨ç”µå½±æœ€æžç¬‘ä¹Ÿå¹¶ä¸å¤¸å¼ ã€‚å‰§æƒ…æ¥è¯´ï¼Œå°±æ¼«å¨ä¸€è´¯çš„å…‹æœè‰°éš¾é™©é˜»å¤§å›¢åœ†ç»“å±€ï¼Œä¹Ÿç¬¦åˆçˆ†ç±³èŠ±ç”µå½±çš„éœ€æ±‚ï¼Œå°½ç®¡ä¸­é€”è§‰å¾—æœ‰äººå¯èƒ½ä¾¿å½“ã€‚å› ä¸ºèšäººç³»åˆ—å˜å¤§å˜å°çš„èƒ½åŠ›ï¼Œä¸€äº›å¤§ç‰‡æ ‡é…çš„æ‰“æ–—å’Œè¿½è½¦ç‰‡æ®µæ‹æ‘„çš„æ¯”è¾ƒæœ‰æ–°æ„ã€‚æžç¬‘æ–¹é¢ï¼Œæœ‰ä¸€æ®µScottè¢«ä¸Šèº«çš„å‰§æƒ…ç¬‘åˆ°æµæ³ªï¼Œä¸å¾—ä¸è¯´Paulæ¼”çœŸå¥½ï¼Œæœ›ç€Hankçš„çœ¼ç¥žæ¸©æƒ…è„‰è„‰ç‰¹åˆ«gayã€‚ã€‚ã€‚è¿˜æœ‰è¯å” Luisçš„æ—¥å¸¸æžç¬‘æ¡¥æ®µä¹Ÿå¾ˆæ£’ã€‚ç‰‡å°¾ç¬¬ä¸€ä¸ªå½©è›‹éžå¸¸èµžï¼Œè®©äººå¾ˆæœŸå¾…æŽ¥ä¸‹æ¥æ¼«å¨çš„ä¸¤éƒ¨ç”µå½±ã€‚
18,ç“¦åŠ›,157,è¿˜è¡Œ,ç¬‘ç‚¹å’Œåˆ›æ„åŸºæœ¬åœ¨ç¿»ç‚’å‰ä½œï¼Œå‡ ä½é»‘ç§‘æŠ€é€šå¤©çš„å¥‡ä¾ åˆ°äº†ç»­é›†ä»åœ¨è¢«ä¸€é˜Ÿè ¢é»‘å¸®ã€ä¸€é˜Ÿè ¢FBIï¼Œè¿˜æœ‰ä¸ªåˆ»æ„åˆ¶é€ å†²çªè€Œå­˜åœ¨çš„åæ´¾è¿½æ¥è¿½åŽ»çœŸçš„å¤ªæ— èŠäº†ï¼Œä»»åŠ¡çš„å›°éš¾ç­‰çº§éƒ½æ²¡åšæå‡ï¼ŒæŽ¥ç€ã€Šå¤è”3ã€‹çœ‹è¿™ä¸ªä¸€å®šä¼šæœ‰è½å·®ï¼Œåªæ˜¯æ²¡æƒ³åˆ°è½å·®èƒ½æœ‰è¿™ä¹ˆå·¨å¤§ï¼Œæœ€æœ€ä¸èƒ½æŽ¥å—çš„æ˜¯ï¼šä»¥æ•…äº‹ç»“å°¾åŠå½©è›‹1æ—¶é—´ç‚¹çœ‹ï¼Œæœ¬ä½œè¿žèšäººä¸ºå•¥ç¼ºå¸­ç“¦åŽè¾¾å¤§æˆ˜éƒ½æ²¡è§£é‡Šæ¸…æ¥šï¼ŒçœŸçš„å¤ªä¸åº”è¯¥ã€‚6/10
19,è†æ£˜,164,è¾ƒå·®,æœ€å¤§åŠŸèƒ½åªæ˜¯æžç¬‘ï¼Œåæ´¾èƒ½åŠ›ä¹‹å¼±ååˆ†æ„Ÿäººï¼Œè€Œä¸”ghostå¥³è§’è‰²è®¾ç½®å¦‚æ­¤è®¨åŽŒï¼Œé»„èœ‚å¥³è€å¦ˆå±…ç„¶æœ‰äº†è¶…èƒ½åŠ›ï¼Œå¥¹æ˜¯è¦åŠ å…¥Xæˆ˜è­¦å—ï¼Ÿï¼Ÿï¼Ÿ
20,é™ˆæ°¸ä»,121,åŠ›è,ã€Šèšäºº2ã€‹å¤ªå¥½çœ‹äº†ï¼Œamigo ä¾ç„¶æžç¬‘ã€‚å½©è›‹å±…ç„¶æ˜¯è¿™ä¹ˆä¸¥è‚ƒçš„å‰§æƒ…
21,æ›´æ·±çš„ç™½è‰²,126,æŽ¨è,åæ´¾å¼±äº†ç‚¹ï¼Œä½†å®¶åº­å‰§éƒ¨åˆ†åšå¾—è›®å¥½ã€‚ç¬‘ç‚¹ä¹Ÿè¿˜æ˜¯æ¯”é“¶æ²³æŠ¤å«é˜Ÿé«˜çº§ä¸€ç‚¹ï¼Œé™„èº«å’Œè¯å” å‡ æ®µéƒ½å¾ˆå¥½ç¬‘ã€‚è€å¯¹å¤´æ–¯å¡”å…‹æˆå¤©æ•‘å®‡å®™ï¼Œæ±‰å…‹é»‘ç§‘æŠ€è¿™ä¹ˆç‰›é€¼è¿˜æ˜¯åªèƒ½æ•‘è€å©†æ‰“å¼±é¸¡ï¼Œåæ€ä¸€ä¸‹å°±æ˜¯è´¨é‡æŽ§åˆ¶çš„é—®é¢˜ï¼Œäº§å“å…³é”®æ—¶åˆ»è€æŽ‰é“¾å­ã€‚ç­éœ¸åˆ™æ˜¯å¼„äº†ä¸ªä¼ªéœ€æ±‚å‡ºæ¥ï¼Œç›®æµ‹æ–°å±Œä¸äº§å“ç»ç†è¦é ç‰ˆæœ¬å›žæ»šç¿»ç›˜äº†ã€‚
22,æ¡ƒæ¡ƒæ·˜ç”µå½±,110,è¿˜è¡Œ,å¸¸è§„å¨±ä¹ç‰‡ï¼Œä»ç„¶å»¶ç»­äº†ä¸Šä¸€éƒ¨çš„å–œå‰§é£Žæ ¼ï¼Œä½†æ•´ä½“ä¸å¦‚ç¬¬ä¸€éƒ¨å¥½çŽ©ï¼Œæ•…äº‹ä¹Ÿæ¯”è¾ƒå¯¹ä»˜ï¼Œåæ­£ä¹Ÿæ˜¯è¿‡æ¸¡ï¼Œä¸é‡è¦äº†ã€‚å¦å¤–ï¼Œæ¼«å¨å½©è›‹è¶Šæ¥è¶Šå‘äº†ï¼Œç¬¬äºŒä¸ªå ªæ¯”èœ˜è››ä¾ ç¬¬äºŒä¸ªå½©è›‹
23,ä¸å­¦ä¹ å˜åžƒåœ¾,105,è¿˜è¡Œ,å˜å¤§å˜å°å˜æ¼‚äº®ï¼Ÿ
24,äºµæ¸Žç”µå½±,80,è¾ƒå·®,è¿žä¸ªåŽ‰å®³çš„å¤§åæ´¾éƒ½æ²¡æœ‰ï¼Œæ¯æ¬¡çœ‹è¿™ç§çˆ†ç±³èŠ±ç”µå½±ï¼Œå™ªéŸ³è¶Šåµé—¹åè€Œè¶Šå®¹æ˜“å‚¬çœ ï¼Œä¸€è§‰ç¡é†’ä¹‹åŽï¼Œåªæ˜¯åœ¨æƒ³çŸ¥é“ç±³æ­‡å°”Â·è²ä½›è¿™30å¹´ä¸åƒä¸å–æ˜¯æ€Žä¹ˆæ–°é™ˆä»£è°¢å˜è€çš„ï¼Ÿæ•´éƒ¨ç”µå½±åªä¼šä¸åœçš„å˜å¤§å˜å°ï¼Œçœ‹æ¥ä¸»åˆ›ä»¬å¤ªå–œæ¬¢æ¯”sizeäº†ï¼Œæ–°çš„åˆ›æ„è¦ç•™ç»™ç»­é›†äº†ã€‚
25,æŽé˜¿æ–—,98,åŠ›è,ç”µæ°”å·¥ç¨‹ç¡•å£«çš„è½¬è¡Œæ˜¯æˆ‘æ¼«å¨ä¸–ç•Œæœ€å–œæ¬¢çš„è‹±é›„â€”â€”Scottçš„å¥³å„¿éƒ½å¿«ç”œç‚¸äº†ï¼Œå‘å±•åˆ°ç¬¬äºŒéƒ¨æ˜Žæ˜¾çœ‹å‡ºèšäººç³»åˆ—çš„å®¶åº­æ¸©æƒ…å‘ï¼Œç¬‘ç‚¹æ³ªç‚¹ä¹Ÿå¤šé›†ä¸­äºŽæ­¤ï¼Œæ¯”æ–¹è¯´â€œè¢«é™„èº«â€ã€‚ç¼–å‰§èƒ½ä»Žç”Ÿæ´»ä¸­å‘çŽ°å¤§å°ä¹‹å·®çš„ç‹¬ç‰¹ä¹‹å¤„ï¼Œé‚£ç§å¾®ä¸è¶³é“çš„è§†è§’ï¼Œä»Žé‡å­åˆ°å®‡å®™ï¼Œä»¤äººè€³ç›®ä¸€æ–°ã€‚æ˜¯çš„ï¼Œå³ä½¿ç¬¬äºŒéƒ¨ï¼Œæˆ‘è¿˜æ˜¯çœ‹ä¸åŽŒè¿™ç‹¬ç‰¹çš„è§†è§’ï¼Œæ¯”æ–¹è¯´å¼±è‚‰å¼ºé£Ÿçš„é¸½å­ï¼Œæ¯”æ–¹è¯´ä¼šæŒ¡ä½ç”µè„‘å±å¹•çš„é£žè›¾ã€‚
26,ä¸”å¬é£ŽåŸ,92,è¾ƒå·®,ä¸¤ä½åæ´¾å¡‘é€ å¾—å¤ªè¿‡éšæ„ï¼Œäººç‰©æ€§æ ¼æ˜¾å¾—å¾ˆå•è–„ï¼Œä»¥è‡³äºŽæˆ‘è§‰å¾—æœ‰ç‚¹è ¢ï¼Œä»»åŠ¡å›°éš¾æ²¡æœ‰æå‡ï¼Œè€Œé»‘ç§‘æŠ€é€šå¤©çš„å¥‡ä¾ ä¾ç„¶è¢«è¿½å¾—è½èŠ±æµæ°´ï¼Œæˆ‘ä¸€çž¬é—´æœ‰ç‚¹æ€€ç–‘ä¸»æ¼”çš„æ™ºå•†
27,å¤©ä¸‹é•¿å®‰,80,è¾ƒå·®,é‚£ä¸ªåæ´¾å‡ºçŽ°å¾—å¤ªç”Ÿç¡¬äº†ï¼Œæ˜Žæ˜¾æ˜¯ä¸ºäº†åˆ»æ„åˆ¶é€ å†²çªè€Œå­˜åœ¨çš„ï¼Œå¥‡ä¾ è¿˜è¦è¢«ä»–è¿½äº†è¿™ä¹ˆä¹…ï¼Œå°´å°¬
28,ç³¯æœ¨,58,è¿˜è¡Œ,åŠ¨ä½œæˆæ¬ ç¼ºäº®ç‚¹ï¼Œä¸Žå‰ä½œè§‚æ„Ÿé‡å¤ï¼Œè§†æ•ˆä¸€èˆ¬ï¼Œé‡å­ä¸–ç•Œçš„å¥‡æ™¯åˆä¸åŠã€Šå¥‡å¼‚åšå£«ã€‹ã€‚é…è§’ä¼—å¤šï¼Œæœ—çˆ¹è¢«è¾¹ç¼˜åŒ–ã€‚æ‰€å¹¸å–œå‰§å…ƒç´ è¾ƒå¤šï¼Œçœ‹å¾—è¿˜æ˜¯å¾ˆæ¬¢ä¹ã€‚ç±³æ­‡å°”Â·è²ä½›è™½ç„¶æˆä»½ä¸å¤šä½†æ°”åœºå¤ªç¾Žä¸½äº†ï¼Œæˆ‘å•æ–¹é¢å®£å¸ƒé“æ ¼æ‹‰æ–¯å’Œç±³æ­‡å°”Â·è²ä½›æ˜¯æœ€æµªæ¼«çš„MCUæƒ…ä¾£æ¡£ã€‚åæ´¾å¦¹å­æƒ¹äººæ€œçˆ±ï¼Œä½†é¬¼é­…çš„äººè®¾æœ‰ç‚¹å¥³ç‰ˆå†¬å…µã€‚
29,å¤é›¨ç§‹é£Ž,66,è¾ƒå·®,ä¹Ÿå°±æ¯”é»‘è±¹å¥½ä¸€ç‚¹ï¼Œæ ¼å±€çœŸæ˜¯æ¯”ç¬¬ä¸€éƒ¨è¿˜å°ã€‚å‰§æƒ…ä¹Ÿæ˜¯å¹³é“ºç›´å™ï¼Œæ²¡ä¸ªé«˜æ½®
30,æ³¢è¥¿ç±³äºšæ¥¼,64,æŽ¨è,æ•…äº‹å¤§æ¦‚è®²äº†åœ¨ç¾Žé˜Ÿ3å‚åŠ å†…æˆ˜åŽã€éšè—äºŽå¤è”çš„èšäººæ–¯ç§‘ç‰¹ï¼Œåœ¨ä»–è¢«è½¯ç¦åœ¨å®¶ä¸­çš„è¿™æ®µæ—¶æœŸï¼Œå‘ç”Ÿçš„å®¶é•¿é‡ŒçŸ­çš„äº‹ï¼Œå¥³å‹å…¼æ­æ¡£éœæ™®é»„èœ‚å¥³ç™»åœºï¼Œèšäººå¸®åŠ©å¥¹æ‰¾å›žè¿·å¤±åœ¨é‡å­é¢†åŸŸæ¯äº²ï¼Œä¹Ÿå°±æ˜¯è€ä¸€ä»£é»„èœ‚å¥³ã€‚æ•´ä½“æ¯”è¾ƒæµªæ¼«æ¸©æš–ï¼Œä¹Ÿè½»æ¾æžç¬‘ï¼Œå‰§æƒ…ç´§å‡‘ï¼ŒåŠ¨ä½œæµç•…ï¼ŒæŒºä¸é”™çš„ã€‚
31,Alan,47,æŽ¨è,3.5å§ æ„Ÿè§‰å’Œç¬¬ä¸€éƒ¨æ¯”é…è§’å¤ªå¤šäº†æœ‰ç‚¹æ‚ é…è§’éƒ½æ²¦ä¸ºæŽ¨è¿›å‰§æƒ…å‘å±•å’Œæžç¬‘çš„å·¥å…· ä½†ç¬¬ä¸‰å¹•è¿˜æ˜¯æŒºç²¾å½©çš„ å½©è›‹ä¸€å¥½è®©äººæ¿€åŠ¨ å½©è›‹äºŒå®Œå…¨å¯ä»¥ä¸çœ‹
32,å°ä¸‘åœ¨ç¬‘ä½ CP,54,è¿˜è¡Œ,ä¸€éƒ¨ä¸æ€è¿›å–çš„å¹³åº¸ç”µå½±ï¼Œæ¼«å¨è¿™ç§å¥—è·¯çœŸçš„çœ‹è…»äº†
33,æ·±å¤œçš„é˜¿æ–¯ä¼¯æ ¼,52,è¿˜è¡Œ,é‚£ä¸ª40mé•¿çš„å¤§åˆ€ä¸€å®šä¼šè¢«åšæˆè¡¨æƒ…åŒ…çš„
34,ä»»ç”±æ—äººå‘çŽ°,55,åŠ›è,æ•…äº‹æ˜¯å•çº¿æ•…äº‹ï¼Œæ²¡æœ‰å„è·¯è‹±é›„çš„æ··æˆ˜ï¼Œåæ´¾ä¹ŸèŒè ¢èŒè ¢çš„ï¼Œæœ‰ä¸å°‘æ¢—å’Œç¬‘ç‚¹ï¼Œèšäººå’Œé»„èœ‚å¥³å¾ˆé…·ï¼Œè€é»„èœ‚å¥³ä¹Ÿç¾Žå‘†äº†ï¼Œè®²è¿°äº†è¶…çº§è‹±é›„çš„å®¶é•¿é‡ŒçŸ­å„¿å¥³æƒ…é•¿ã€‚å¾ˆç®€æ˜Žä¹Ÿå¾ˆç²¾å½©
35,ç­·å–œæ—º,43,è¾ƒå·®,æœ‰ã€ã€éš¾çœ‹ã€‚å‘çŽ°åæ´¾ä¹‹æ‰€ä»¥æˆä¸ºåæ´¾æ˜¯å› ä¸ºä»–ä»¬ä¸æ‡‚ä»€ä¹ˆå«å¿ƒæ€¥åƒä¸äº†çƒ­è±†è…ï¼ŒçŽ°å®žç”Ÿæ´»é‡Œä¼°è®¡è¿ž30ç§’çš„çº¢ç¯éƒ½ç­‰ä¸åŠã€‚
36,æ´—è¡£æˆ¿æ¥ä¸€å‘,44,åŠ›è,å‰§æœ¬å’Œè¡¨æ¼”éš¾åº¦æ˜¯mcuç›®å‰æœ€é«˜çš„ ä¸è¿‡å‰è€…å®Œæˆå¾—ä¸å¤Ÿå¥½ æœ‰ä¸¤æ®µaction sequenceå¤ªé•¿ è®©äººçœ‹å¾—ç´¯ æŒ¤åŽ‹äº†æ–‡æˆçš„æ—¶é—´ mcuèŠ‚å¥æœ€å¥½çš„action sequenceè¿˜æ˜¯èšäºº1ç¬¬ä¸‰å¹• ä»Žå–œå‰§æ–¹é¢æ¥è¯´ æˆ‘ç»™æ»¡åˆ† å†™å¾—æ‹å¾—çœŸå¥½ï¼Ÿï¼
37,â–³,35,åŠ›è,2018/07/04 @ australiaã€‚å»¶çºŒäº†ç¬¬ä¸€éƒ¨çš„èªªç›¸è²å’Œactionï¼Œä»¥åŠæ•…äº‹æƒ…ç¯€å’Œå¯†åº¦éƒ½æ¯”ç¬¬ä¸€éƒ¨é‚„é«˜äº†å¥½å‡ å€ï¼ï¼ä»Žå¤´åˆ°å°¾ç˜‹ç‹‚ç¬‘æˆç‹—wwåˆ°å¾Œé¢å…¨å ´éƒ½ç¬‘åˆ°é¼“æŽŒ è¦–è¦ºæ•ˆæžœå’Œæ‹æ‘„è§’åº¦ä¹Ÿå¾ˆèµžï¼Œå°±æ˜¯çœ‹2Dä¹Ÿæ„Ÿè§‰å¾ˆæœ‰ä»£å…¥æ„Ÿã€‚ã€‚ æ¼«å¨çœŸçš„åŽ²å®³ï¼Œé—œæ–¼å¾©è¯4çš„éƒ¨åˆ†å®Œå…¨æŽ¨ç¿»äº†ç¶²å‹çŒœæ¸¬
38,Carf,38,è¿˜è¡Œ,è¦æ˜¯æˆ¿å­éƒ½å¯ä»¥è¿™æ ·å˜å¤§å˜å°ï¼Œä½æˆ¿ä¸ç‚’ï¼Ÿ
39,é¡—ç¦®,33,æŽ¨è,1ã€æ„Ÿè°¢ç§‘æŠ€è®©æˆ‘ä»¬åˆé‡æ–°çœ‹åˆ°äº†è¿ˆå…‹å°”é“æ ¼æ‹‰æ–¯å’Œç±³æ­‡å°”è²ä½›å¹´è½»çš„æ ·å­  2ã€ä¸€éƒ¨æ¼«å¨ç”µå½±é‡ŒåŒæ—¶å‡ºçŽ°äº†æ‰®æ¼”è¿‡çŒ«å¥³ã€è¶…äººä¸Šå¸ã€å¤å¢“ä¸½å½±å¤§åæ´¾ã€å¤´å·çŽ©å®¶åæ´¾ä»¥åŠé»‘æš—éª‘å£«é‡Œçš„åæ´¾ç­‰åŽçº³è§’è‰²çš„æ¼”å‘˜ï¼Œå¤§å®¶çœŸçš„ä¸ä¼šè§‰å¾—æœ‰ä»€ä¹ˆé—®é¢˜å—ï¼Ÿï¼ˆæ‰‹åŠ¨æ»‘ç¨½ï¼‰3ã€å¾®ç¼©æ•ˆæžœçœŸçš„è¶Šæ¥è¶Šç‚«é…·äº†ï¼ˆè™½ç„¶å¾ˆä¸ç§‘å­¦ï¼‰ 4ã€åˆæ ¼çš„MCUç”µå½±ï¼Œå…¨æ–°å¼€è¾Ÿçš„é‡å­é¢†åŸŸä¹Ÿä¸ºæŽ¥ä¸‹æ¥çš„MCUæ‰“å¼€äº†å…¨æ–°ä¸–ç•Œ 5ã€é¹°çœ¼åˆ°åº•åŽ»å“ªå„¿äº†ï¼Ÿ6ã€å½©è›‹äºŒæžå…¶å‘çˆ¹
40,å¤§å¥‡ç‰¹(Grinch),26,è¿˜è¡Œ,ä»¥è½»æ¾æžç¬‘ä¸ºä¸»ï¼Œä¸¤æ¡è…¿èµ°è·¯ï¼Œä¸€æ¡æ˜¯é˜²å¹½çµï¼Œä¸€æ¡æ•‘å²³æ¯ï¼Œå‰§æƒ…ç”ŸåŠ¨è€Œåˆå¯¡æ·¡ã€‚åæ´¾ç”šè‡³ä¸èƒ½è¯´æ˜¯åæ´¾ï¼ŒåŠ¨ä½œåœºé¢å±žå°æ‰“å°é—¹ï¼Œæ‰€æœ‰è®¾å®šå’Œç¬‘ç‚¹éƒ½æ˜¯ç¬¬ä¸€é›†æœ¬æœ‰çš„åˆ›æ„äº†ï¼Œç¼ºä¹æƒŠå–œã€‚ç¬¬ä¸€ä¸ªå½©è›‹å€’æ˜¯ä¸é”™ï¼Œæˆ‘ä¹Ÿæƒ³è¦ä¸€ä¸ªé‚£æ ·çš„æ‹‰æ†ç®±ã€‚
41,ç‘¾æœµæœµ,28,æŽ¨è,ä¸€ä¸¾è§£å†³å¤§ä¸­åž‹åŸŽå¸‚åœè½¦éš¾ã€ä½æˆ¿éš¾çš„é—®é¢˜
42,UrthÃ³naD'Mors,17,æŽ¨è,Scottï¼Œä¸€å€‹èˆ‡ä¸–ç•Œå‹•è•©å¤±ä¹‹äº¤è‡‚çš„è¶…ç´šè‹±é›„
43,xÄ«n,15,è¿˜è¡Œ,ä¸€è´¯çš„æ¼«å¨å¥—è·¯ï¼ŒèŠ‚å¥æ„Ÿä¸åŠå…¶ä»–å‡ éƒ¨ï¼Œå½©è›‹ä¸é”™ã€‚
44,ä¼¼æ°´å¹´åŽ,26,è¿˜è¡Œ,ä¸å¦‚ç¬¬ä¸€éƒ¨ç®€å•çº¯ç²¹ï¼Œä¸è¿‡ä¾æ—§å¥½çŽ©ã€‚æ•…äº‹æ ¼å±€çœŸçš„å°(literally)ï¼Œä½†å¯¹å¤è”æ‹¯æ•‘ä¸–ç•Œï¼ˆå¯èƒ½ï¼‰èµ·åˆ°å…³é”®ä½œç”¨ã€‚ç¬¬ä¸€ä¸ªå½©è›‹å¾ˆæœ‰æ–™ï¼Œç¬¬äºŒä¸ªç•¥æ— èŠï¼Œæœ€åŽå­—å¹•è¯·ç•™ç¥žï¼Œè¿žæ ‡ç‚¹ç¬¦å·éƒ½ä¸è¦é”™è¿‡ã€‚
45,å½©è›‹å›KL,25,è¿˜è¡Œ,ç¬¬äºŒä¸ªå½©è›‹ä¹Ÿå¤ªæ•·è¡äº†å§ï¼ï¼ï¼
46,ä»°æœ›æ˜Ÿç©ºä¸å¥½åƒ,30,è¿˜è¡Œ,åˆ«äººåœ¨æ‹¯æ•‘ä¸–ç•Œçš„æ—¶å€™ï¼Œèšäººç«Ÿç„¶åœ¨ç‹¬è‡ªä¸Šæ¼”è€æƒ…äººé™©äº›æˆç»§æ¯çš„ä¼¦ç†å¤§æˆâ€¦â€¦ï¼Ÿè¿˜æ˜¯æœ€å–œæ¬¢Luis ï¼Œå‰åŠéƒ¨ç©¿è¥¿è£…ä¸€è„¸æ­£ç»çš„æ ·å­è¿˜æœ‰ç‚¹ä½Žé…ç‰ˆMark Ruffaloçš„æ„æ€
47,çŽ‹å¤§æ ¹,18,è¿˜è¡Œ,å’Œç¬¬ä¸€éƒ¨æ¯”åªèƒ½ç®—å¹³åº¸ï¼Œæ²¡æœ‰ä»»ä½•å¿…è¦å› ä¸ºå¤ä»‡è€…3å¤§èŽ·å…¨èƒœè€Œå¯¹è¿™éƒ¨ç”µå½±è¿‡é«˜æœŸå¾…å’Œè¯„ä»·ï¼Œæ¼«å¨ç”µå½±ä¹Ÿè¯æ˜Žäº†æ²¡æœ‰ç½—ç´ å…„å¼Ÿä¾æ—§åƒæ‰¶ä¸èµ·çš„é˜¿æ–—ä¸€æ ·å¹³åº¸æ— åŠ›ã€‚æ•…äº‹å°±æ˜¯ä¸Šé—¨å¥³å©¿å’Œå¥³å„¿è”æ‰‹æ‹¯æ•‘å›žå²³æ¯é¡ºä¾¿èº²é¿CIAæ•…äº‹ï¼Œä¸»çº¿ç¡®å®žæ¯”è¾ƒå¹³è€Œä¸”ç®€å•ï¼Œç¬‘æžœè‡ªç„¶ï¼Œåˆ†å¸ƒå‡åŒ€ï¼Œä½†éƒ½æ˜¯å°ç¬‘æžœï¼Œæ²¡æœ‰å“ªä¸€æ®µæ˜¯ä¼šè®©äººå¿ä¸ä½å¤§ç¬‘çš„é‚£ç§ï¼Œå¦å¤–å…¨ç¨‹ç§‘å­¦æœ¯è¯­å¤ªå¤šäº†ï¼Œæœ‰ç‚¹çœ‹ä¸è¿‡æ¥ï¼Œä¸è¿‡åœ¨å¤è”3ä¹‹åŽçœ‹ç¡®å®žä¼šè®©äººè§‰å¾—è½»æ¾ä¸å°‘ã€‚å½©è›‹æ˜¯ç­éœ¸æ‰“äº†å“æŒ‡ã€‚
48,Ada Wang,23,æŽ¨è,â€œæ¼«å¨å¥½å¥³å©¿ï¼Œå‹‡æ•‘ä¸ˆæ¯å¨˜â€ã€‚ä¸ªäººå¯¹èšäººç³»åˆ—æœ‰ç€åçˆ±ï¼Œå› ä¸ºæˆ‘è§‰å¾—è¿™æ ·çš„é£Žæ ¼è·Ÿæ¼«å¨ä¼ ç»Ÿç”µå½±ä¸åŒï¼ŒæŠŠè¶…çº§è‹±é›„ç”µå½±èƒ½æ‹å‡ºçƒ‚ä»”å–œå‰§çš„æ„Ÿè§‰ï¼Œç¼–å‰§ä¹‹ä¸€ä¿ç½—è·¯å¾·ä¸æ„§æ˜¯å½“å¹´å¸®æ´¾å–œå‰§æ ¸å¿ƒäººç‰©å•Šã€‚äº‹å®žè¯æ˜Žï¼Œçºµç„¶åæ´¾ä¸ç»™åŠ›ï¼Œé‡å­é¢†åŸŸçš„æƒ³è±¡åŠ›è·Ÿã€Šæ˜Ÿé™…ç©¿è¶Šã€‹æ²¡æ³•æ¯”ï¼Œä½†åªè¦æ¶‰åŠåˆ°çƒ‚ä»”å…ƒç´ ï¼Œå°±éžå¸¸å¥½ç¬‘ã€‚ä¸å®¢æ°”çš„è¯´ï¼Œè‹±é›„ä¸»çº¿æ•…äº‹ä¹‹å¤–çš„éƒ¨åˆ†ï¼Œéƒ½å¾ˆå¥½çœ‹ï¼
49,ä¹Œé¸¦ç«å ‚,20,è¿˜è¡Œ,çœ‹åˆ°è™è ä¾ å’ŒçŒ«å¥³éƒ½åŽ»äº†æ¼«å¨ï¼Œè§‰å¾—åŽ†å²è½®äº†ä¸€ä¸ªå›žã€‚
50,è¥¿å¸•å…‹,18,æŽ¨è,è¿œè¶…å‡ºé¢„æœŸï¼Œæ¯›ç—…æˆ–è®¸ç»ä¸èµ·è§‚åŽçš„æŽ¨æ•²ï¼Œä½†è§‚å½±æœŸé—´éƒ½å®Œå…¨åœ¨å¯æŽ¥å—èŒƒå›´å†…ï¼Œæ¯”å‰å‡ å¤©çš„å¤è”ä¸‰å¥½çœ‹ï¼Œå—ä¸äº†çŸ­è¯„é‡Œä¸€æ´¾å…¨ä¸–ç•Œéƒ½å›´ç€å¤è”è½¬çš„å§¿æ€ï¼ˆä»€ä¹ˆå«ä¸¤ä¸ªå°æ—¶çš„å¹¿å‘Šä¸€åˆ†é’Ÿæ­£ç‰‡ï¼Ÿï¼‰ï¼Œé‚æ¯”åŽè€…å¤šç»™ä¸€æ˜Ÿå§ã€‚
51,Proustalain,28,è¿˜è¡Œ,ç‰¹æ•ˆå’Œç¬‘ç‚¹ä¸€ç›´å¯ä»¥ï¼Œå‰§æƒ…å®žåœ¨å¤ªæ™ºéšœäº†
52,AVNæ±Ÿæ¹–éª—å­,29,è¿˜è¡Œ,ä¾æ—§æ˜¯ä¸€åˆ‡ä¸ºäº†æ¬¢ä¹ï¼Œé‡Žé¸Ÿä¸ä¼šå“é£žã€æˆ¿å­ä¸ç”¨åœ°åŸºã€å¼€ä¸ªè½¦çŽ©å‡ºèŠ±è¿žä¹‹å‰å¼ºè°ƒçš„æ— é˜²æŠ¤ç¼©å°ä¼šå½±å“å¤§è„‘çš„è®¾å®šéƒ½ä¸é¡¾äº†ï¼ŒåŠ¨ä½œ+ç‰¹æ•ˆ+ç¬‘æ–™ç”¨åˆ°æ­»éƒ½ä¸è…»çš„é…æ–¹ï¼Œæµæ°´çº¿äº§å“å®åº¸æ¯‹é™©è¿˜èƒ½æœŸå¾…ä»€ä¹ˆå‘¢ï¼ŸçœŸçš„èƒ½ç†è§£åŸƒå¾·åŠ Â·èµ–ç‰¹ä¸ºä»€ä¹ˆæ‹’ç»çœ‹èšäººäº†ï¼Œè¿™å°±æ˜¯ä¸ªèµ„æœ¬äºµæ¸Žè‰ºæœ¯çš„æ—¶ä»£å§
53,ä¼ªè£…çš„ç”˜å…š,18,æŽ¨è,è®°å¾—çœ‹ç¬¬ä¸€éƒ¨çš„æ—¶å€™ï¼Œèšäººä»Žé‡å­ä¸–ç•Œå›žæ¥çš„æ—¶å€™éžå¸¸æ„ŸåŠ¨ï¼Œäº²æƒ…å†…æ ¸çš„è¶…çº§è‹±é›„ç”µå½±ã€‚è¿™é›†çš„ç¬‘ç‚¹éžå¸¸å¤šï¼Œå½©è›‹ç›´è¿žå¤ä»‡è€…è”ç›Ÿ3çš„ç»“å°¾ã€‚
54,hit the sack,16,è¿˜è¡Œ,ä¸¤æ˜ŸåŠã€‚å¤ªå”¬ï¼Œæœ€ä¸»è¦æ˜¯æ²¡æœ‰ä»»ä½•ç‚¹å­ï¼Œæ‹‰æ†ç®±å®žéªŒå®¤ç”¨åˆ°æœ€åŽä¹Ÿç´¯äº†ï¼ŒæŠ¢æ¥æŠ¢åŽ»é‡Œé¢çš„è®¾å¤‡æ—©æŒ¯æ•£äº†å§ã€‚å“ªæ€•çŽ©ä¸€äº›ç‰¹æ‘„ç‰‡è§£æž„ä¹Ÿå¯ä»¥ï¼Œå•¥ä¹Ÿæ²¡çŽ©ï¼Œå•¥ä¹Ÿä¸å…³å¿ƒã€‚
55,éšå½¢çš„äºº,21,æŽ¨è,æ‰‹åŠžç‰‡å°¾èµž
56,æ³•å…°è¥¿èƒ¶ç‰‡,16,è¿˜è¡Œ,è”è°ƒå±€å±€é•¿æ˜¯ä¸œå°¼å¤§æœ¨æ¼”çš„ï¼Ÿ
57,æ¶é­”çš„æ­¥è°ƒ,13,æŽ¨è,"å…°é“å°”Â·æœ´å…ˆç”Ÿå…ˆæœ€æžç¬‘!!  æœ€å¾Œç®—åŠ‡é€å˜…è©±å””è¨ˆå½©è›‹ä¿‚ç„¡äººæ­».....å“ˆå“ˆåŠ‡é€äº†.....é€£è¡°äººéƒ½ç„¡äººæ­»,å¥½ä¼¼ç·Šå¼µæŸ¥å¯¦ä¸€å‘³çˆ†ç¬‘.....æœ€æ­£ä¿‚æˆ‘ä¿‚æ²¹éº»åœ°è—è¡“æˆ²é™¢ç‡, æ´—æ‰‹æ’žæ­£ç™½åªå…ˆç”Ÿé‡‘åƒç”·é…,æœªå‡ºå»æ‰€å·²åœ¨æƒ³ä»–å¥³å‹.....æžœç„¶, ä»– è‰·åæ»¿å¤©ä¸‹å˜…å¥³æœ‹å‹ é¡å“éˆå°å§æ­£æ­£åœ¨å¤§å ‚ç­‰å¾…,ä¸æ•¢é©šå‹•å¶åƒ,åªæ•¢ç”¨çœ¼ç¥žèªªæˆ‘æ„›æ‚¨..."
58,å¤§ç˜¦ç˜¦,14,åŠ›è,å…¨é¢è¶…è¶Šç¬¬ä¸€éƒ¨ï¼Œæ ¼å±€å°çš„æ•…äº‹å´å°½æ˜¾å‰§ä½œçš„é­…åŠ›ï¼Œå³ä½¿æ²¡æœ‰ç‰›é€¼çš„åæ´¾ï¼Œæ²¡æœ‰å¤§åž‹çš„åŠ¨ä½œåœºé¢ï¼Œä¾ç„¶æ˜¯çˆ†æ£šçš„æƒ³è±¡åŠ›çœ‹åˆ°äººç›®çžªå£å‘†ï¼Œç»“å°¾è¿‘åŠå°æ—¶æžå…·å¾‹åŠ¨æ„Ÿçš„åŠ¨ä½œæ®µè½çœŸçš„æ˜¯æƒŠå–œè¿žè¿žï¼Œå½“ç„¶ï¼Œæœ€é‡è¦çš„è¿˜æ˜¯ç‰‡å­çœŸçš„æžç¬‘ï¼Œlip syncç»§ç»­ç‚¸è£‚ï¼
59,å½±æ¯’è‚¥ä½¬,10,åŠ›è,éº»éº»çœŸæ˜¯å¤§ç¾Žäººï¼ï¼å°±æ˜¯ç™½å‘è‹è‹ä¾æ—§åŠ¨äººçš„é‚£ç§â•­(â•¯Îµâ•°)â•®ç²¾çµå…¬ä¸»æ¼”è¿™ä¸ªæ¯”PPTé­”æˆ’åŠ¨æ€æµ·æŠ¥å¥½çœ‹å¤šäº†ï¼èš‚èšè ¢èŒä½†è·ŸèèŽ‰äº’åŠ¨èµ·æ¥ä¸è¦å¤ªç”œ(à¸…>Ï‰<*à¸…)æ’ç§‘æ‰“è¯¨çš„æ­£æ–¹é…è§’å¾ˆå¯çˆ±ï¼ŒäºŽæ˜¯å³ä¾¿è¿™å›žæ²¡æœ‰å›½æ¨å®¶ä»‡ç±»çŸ›ç›¾ï¼Œä¹Ÿæ˜¯éžå¸¸å¯çˆ±çš„æš‘æœŸæ¡£â˜žé™¤äº†å½©è›‹
60,è°¢è°¢ä½ ä»¬çš„é±¼,13,å¾ˆå·®,éº¥é«˜èŠ¬å †èµ·ä¾†çš„é›»å½±ï¼Œæ¯”ä¸Šé›†ç„¡èŠä¹Ÿæ˜¯åŽ²å®³ã€‚
61,é•œæ°´ä¿®äºŒ,13,æŽ¨è,çœ‹çš„æ—¶å€™ä¸€ç›´åœ¨æ‹…å¿ƒå¦‚æžœæœ€åŽæ²¡èƒ½æˆåŠŸæ•‘å‡ºçš®å§†å¤ªå¤ªï¼Œçš®å§†ä¼šå¯¹ç”·ä¸»æ±‚å©šâ€¦â€¦
62,alfredo,10,è¿˜è¡Œ,å‰¯æ ‡é¢˜åº”è¯¥å«å®žéªŒå®¤äº‰å¤ºæˆ˜ï¼Œå’Œé»„èœ‚å¥³å…³ç³»ä¸å¤§ã€‚æš®æ°”æ²‰æ²‰ï¼Œåªèƒ½é å–å¼„å°å¹½é»˜æ¥æ”ç—’ï¼Œå¼ºåŠ ä¸Žå¦‡è”çš„å…³è”ï¼Œå¾ˆå¤±æœ›ã€‚
63,ä¼Šè°¢å°”ä¼¦çš„é£Ž,7,æŽ¨è,è¶…è‹±ç±»åž‹ç‰‡å‘å±•äº†è¿™ä¹ˆå¹´ï¼ŒçŽ°åœ¨åªå‰©æœ‰å¹½é»˜æ„Ÿçš„â€œè¾¹ç¼˜è‹±é›„â€ç³»åˆ—æ›´æœ‰å¯çœ‹æ€§ï¼Œä¸»çº¿å‰§æƒ…å·²ç»å´©åˆ°åœ†ä¸å›žæ¥äº†ã€‚
64,TM,4,æŽ¨è,75åˆ†ã€‚æŠ€æœ¯æ„Ÿå’Œè¶£å‘³æ€§éƒ½è¶³å¤Ÿï¼Œè¦æ˜¯æŠŠé‚£äº›æ²¡ä»€ä¹ˆç”¨çš„è¯ç—¨åŽ»æŽ‰å°±æ›´å¥½äº†ã€‚
65,äºŒåäºŒå²›ä¸»,12,æŽ¨è,åŒæ­¥ä¸Šæ˜ æ˜¯ä¸å¯èƒ½çš„ï¼Œè¿™è¾ˆå­éƒ½ä¸å¯èƒ½åŒæ­¥ä¸Šæ˜ 
66,ç§ï½žå·æµ,7,è¿˜è¡Œ,å½±ç‰‡åœ¨å˜å¤§å˜å°æ–¹é¢åšè¶³äº†åŠŸå¤«ï¼Œå¤±æŽ§è´§è½¦ç§’å˜å››è½®æ»‘æ¿è½¦ï¼Œå¯æºå¸¦å¤§åŽ¦è¿˜æœ‰å¥¥ç‰¹æ›¼æƒ…èŠ‚ç­‰ç­‰ï¼Œç›¸æ˜ æˆè¶£ã€‚æˆ–è®¸æ˜¯å¯¹æ¼«å¨ä¸å†æœ‰è¿‡åˆ†å¥¢æ±‚ï¼Œè¿™æ ·ä¸€éƒ¨å¶å°”ä¿çš®å¹½é»˜ï¼Œå¶å°”ç´§å¼ åˆºæ¿€çš„ä½œå“ï¼Œå·²ç»å¾ˆæ»¡æ„äº†ã€‚PS.å¯¹å¹•åŽå·¥ä½œäººå‘˜ä¸æ„Ÿå…´è¶£çš„è§‚ä¼—ï¼Œç¬¬ä¸€ä¸ªå½©è›‹ä¸Žç¬¬äºŒä¸ªå½©è›‹ä¹‹é—´ï¼Œè¯¥ä¸ŠåŽ•æ‰€çš„ä¸ŠåŽ•æ‰€ï¼Œè¯¥æŠ½çƒŸçš„æŠ½çƒŸã€‚
67,è‰¾æ™¨,7,è¿˜è¡Œ,Dï¼‹/ äººç‰©çš„ç¡®å†™å¾—å·®ï¼Œé™¤äº†ç¡¬ä»¶è®¾å®šå‡ ä¹Žå®Œå…¨çœ‹ä¸å‡ºå†…åœ¨ç‰¹å¼‚ä¹‹å¤„ã€‚åŸºæœ¬æ¯ä¸ªéƒ½æ˜¯ä¸ºäº†æŽ¥ç»­å‰§æƒ…è€Œå­˜åœ¨çš„çº¸ç‰‡ï¼Œåæ´¾åˆ™å´©å¾—æ›´ä¸ºæ˜Žæ˜¾ã€‚é™¤æ­¤ä¹‹å¤–å¨±ä¹æ€§å°šå¯ï¼ŒèŠ‚å¥è½»æ¾è¯™è°ä¸”åœ¨ç‰©ç†æ¦‚å¿µä¸Šå……æ»¡æµªæ¼«æ°”æ¯å¹¶æ³¨å…¥äº†è§†æ•ˆçš„å‘ˆçŽ°ä¸­ï¼ˆæˆ‘æ˜Žæ˜Žä¸æ˜¯ç†ç§‘ç”Ÿï¼‰ã€‚æ•´ä½“ç²¾ç¥žæ›´å¤šæ‰¿æŽ¥ã€Šå†…æˆ˜ã€‹å¯¹æ”¿åºœå¨æƒçš„è´¨ç–‘ï¼Œä½†ç»ˆç©¶åªæ˜¯è½¯æ€§çš„æˆè°‘ã€‚çœ‹åˆ°è¿ˆå…‹å°”Â·é“æ ¼æ‹‰æ–¯è¯¯ä»¥ä¸ºä¸‹ä¸€éƒ¨è¿™ä¸€å®¶äººè¦åŽ»ã€ŠåŠ¨ç‰©ä¸–ç•Œã€‹é‡ŒçŽ©çŸ³å¤´å‰ªåˆ€å¸ƒäº†â€¦â€¦
68,é€é¥éšæœˆ,13,è¿˜è¡Œ,ç®—æ˜¯è¿™å‡ å¹´æ¼«å¨é‡Œæ¯”è¾ƒå¥½çœ‹çš„ï¼Œæ²¡æœ‰æ•…ä½œæ·±æ²‰ï¼Œä¸è¿‡åˆ†çš„æžç¬‘æ¡¥æ®µï¼Œæ–‡æˆå’Œæ‰“æˆæ­é…çš„ä¹Ÿä¸é”™
69,æœ‰å¿ƒæ‰“æ‰°,6,æŽ¨è,hello kittyè®©æˆ‘å’Œå‡ ä¸ªå°å­©ä¸€èµ·çˆ†å‘å‡ºäº†å“äº®çš„ç¬‘å£°
70,å¯’æžé›€é™,9,æŽ¨è,å“‡ï¼Œèšäººçš„ä¸–ç•Œå®žåœ¨æ˜¯ä¸€åˆ‡éƒ½å¤ªæ–¹ä¾¿äº†ï¼Œå“ˆå“ˆï¼Œè™½ç„¶æ–‡æˆæœ‰ç‚¹è¯ç—¨ï¼Œä½†å¾ˆç‰¹è‰²å¯ä»¥æŽ¥å—ï¼Œè¿˜æœ‰èšäººå¥³å„¿å®žåœ¨æ˜¯å¤ªå¯çˆ±äº†ï¼Œä¹ˆä¹ˆå“’ï¼ä¸ˆæ¯å¨˜ä¹Ÿå¥½ç¾Žå•Šï¼Œæ¯”å¿ƒï¼å“ˆå“ˆ
71,Henrique Asano,12,è¿˜è¡Œ,1ï¼šé»‘äººè‡ªå¸¦å¤åˆé¥¶èˆŒæŠ€èƒ½åŒ…ï¼Œæœ€å¥½åˆ«ç”¨åçœŸå‰‚ï¼š2ï¼šèšäººçœ‹æ¥æ˜¯å¤è”å›¢é˜Ÿå‘†èŒçš„ä»£è¡¨ï¼›3ï¼šæ•…äº‹å…¶å®žæ˜¯ç»„é˜ŸæŽ¥å¦ˆå¦ˆå›žå®¶ï¼Œæ‰‹æ³•ä¸Šå±žäºŽåˆå®¶æ¬¢å–œå‰§ï¼Œç¬‘æ–™æ¢—è¿œæ¯”è¶…çº§è‹±é›„å—æ¬¢è¿Žï¼›4ï¼šå¯å¤§å¯å°çš„ä¸‡èƒ½èƒ¶å›Šå¸Œæœ›èƒ½é‡äº§ï¼›5ï¼šæœ€å–œæ¬¢é‡å­è™šç©ºçš„æƒ³è±¡ï¼Œæ°´ç†Šè™«ä½ å¤ªå¯ä»¥äº†ï¼›6ï¼šæ‰€è°“çš„åæ´¾å­˜åœ¨æ„Ÿå¤ªå¼±ï¼Œç¬¬ä¸€ä¸ªå½©è›‹å¯ä»¥è¯´æ‰æ˜¯å‰§æƒ…ä¸Šå”¯ä¸€çœ‹ç‚¹ï¼›7ï¼šæœ€TMå¯æ‚²çš„æ˜¯æˆ‘çš„æ‰‹æœºä¸å°å¿ƒåœ¨ç”µå½±é™¢æ‘”ç¢Žå±äº†ï¼ï¼ï¼7.2
72,å¤´ä½ åˆ«ç–¼äº†æ˜Ÿäºº,7,æŽ¨è,è½»æ¾å¯çˆ±ï¼Œæƒ³è±¡åŠ›ä¹Ÿå¾ˆå¥½ï¼ŒæŠŠä¿—çƒ‚åŠ¨ä½œè¿½è½¦ç»‘æž¶é€¼ä¾›æ‹å‡ºäº†æ–°æ„æ€ã€‚ä¸€ä¸ªäººäººéƒ½ç¼ºç‚¹å¿ƒçœ¼çš„è¶…è‹±ä¸–ç•Œä¸æ˜¯å¾ˆå¥½çŽ©å˜›ï¼
73,å¤œç¥žæœˆçš„çŒ«,12,åŠ›è,å¥³å„¿é¢ç»™èšä¾ â€œä¸–ä¸Šæœ€ä½³ç¥–æ¯â€å¤§å¥–ï¼Œä¸‰å¯¹â€œçˆ¶å¥³â€æƒ…çš„æ¯”ç…§ä¹Ÿæ˜¯ç»†è…»åŠ¨äººã€‚å®¶é‡Œçš„çº¸ç®±é—¯å…³æ¸¸æˆï¼Œç»™é¬¼é­…å¥³ä¿å‘½çš„æ¸©å®¤ç®±å­ï¼Œæ˜¯çˆ¶äº²ä»¬çš„çˆ±ã€‚æ²¡æœ‰ä»»ä½•å¤§Bossï¼Œä½†éšœç¢è®¾ç½®å¾—éžå¸¸èªæ˜Žäº†ï¼šèƒ½ç©¿å¢™çš„é¬¼é­…å¥³é¢ä¸´æ­»äº¡ï¼Œæ‹¥æœ‰è‡ªç™½å‰‚çš„é»‘å¸‚å•†äººï¼Œä¸Žæ•™æŽˆä¸å’Œçš„å‰ä¸‹å±žï¼Œç•™åœ¨é‡å­é¢†åŸŸä¸‰åå¹´çš„é»„èœ‚å¥³â€¦â€¦å–œæ¬¢å¯ä»¥å½“æˆæ‰‹æç®±æ‹–ç€èµ°çš„ç¼©æ°´æ¥¼ã€éšä¾¿æ¢ç€å¼€çš„åè½¦ã€æŠŠè½¦å˜å°åŽçš„éœ²å¤©æ±½è½¦ç”µå½±é™¢ï¼ˆå…¶å®žåªæ˜¯æ‰‹æç”µè„‘æ”¾ç‰‡å­å“ˆå“ˆå“ˆï¼‰ï¼Œå˜å¤§åŽçš„Hello Kittyå¯ä»¥è¯´æ˜¯å¾ˆææ€–äº†ï¼åœ°çƒéƒ½è¦æ¯ç­äº†ï¼Œè€Œä½Žå¤´æ—è¿˜åœ¨æ•²é”®ç›˜ï¼Œèˆ¹ä¸Šçš„ä¹˜å®¢åªæ³¨æ„è·Ÿå¤©å¤–æ¥å®¢Selfieã€‚ç¬‘ä½ä¾æ—§å¾ˆè‡ªç„¶ï¼Œèšä¾ è¢«å¥³å‹é˜¿å¦ˆâ€œä¸Šèº«â€ä¹‹åŽè·Ÿå²³çˆ¶LGBTç‰µæ‰‹æŠ›åªšçœ¼æœ€å‡ºå½©ã€‚å½©è›‹å‘¼åº”å¦‡è”ç°é£žçƒŸç­çš„disappearï¼Œé©¬ä¸Šå°±è¦è¿›å…¥æ®‹é…·çš„ç­éœ¸æ—¶ä»£äº†â€¦â€¦
74,è€ç‹—,5,åŠ›è,è¯ç—¨å°å“¥ç¬‘æ­»äº†å“ˆå“ˆå“ˆå“ˆå“ˆå•Šå“ˆå“ˆå“ˆ
75,é»„é’è•‰,9,æŽ¨è,éƒ½æŒºå¥½ï¼Œæžç¬‘ï¼ŒåŠ¨ä½œ3Déƒ½ä¸é”™ï¼Œä½†åæ´¾å¤ªå¼±äº†ï¼ŒåŠ¿å‡åŠ›æ•Œæ‰å¥½çœ‹ã€‚
76,è±è¾¾å‰é¸¡,12,æŽ¨è,"3.5 å¨±ä¹æ€§åè¶³ï¼Œåˆ¶ä½œæ°´å¹³åœ¨çº¿ï¼Œè¯šæ„æ»¡æ»¡ï¼Œæµ‘èº«å†™ç€""å•Šæˆ‘çŸ¥é“æˆ‘åªæ˜¯ä¸€éƒ¨çˆ†ç±³èŠ±ç”µå½±ï¼Œä½†æ˜¯æˆ‘å¸Œæœ›æˆ‘æ˜¯ä¸€éƒ¨è®©ä½ å¿ƒæƒ…æ„‰å¿«çš„é«˜è´¨é‡ä¼˜ç§€çˆ†ç±³èŠ±ç”µå½±""ï¼Œç‰‡å°¾çš„ç‰‡å°¾â€œÂ·Â·Â·Â·Â·å—ï¼Ÿâ€ä¸å¿˜å¿ƒè™šè‡ªé»‘ï¼Œè‹¦é€¼æ—¥å¸¸ç”Ÿæ´»çš„å¥½è°ƒæ–™ï¼›çœ‹åˆ°ç±³æ­‡å°”è²ä½›å’Œè¿ˆå…‹å°”é“æ ¼æ‹‰æ–¯çš„æ‹¥æŠ±ï¼Œä¸€ä¸‹å­ç‰¹åˆ«ç™¾æ„Ÿäº¤é›†ï¼Œå€’ä¸æ˜¯å› ä¸ºå‰§æƒ…ï¼Œè€Œæ˜¯å› ä¸ºçªç„¶æ„è¯†åˆ°ï¼Œé‚£ä¸ªVCDä¹ƒè‡³å½•åƒå¸¦æ—¶æœŸæ›¾é™ªä¼´æ¸¡è¿‡æœ€åˆæ—¶å…‰çš„é‚£æ‰¹æ¼”æŠ€ç²¾æ¹›é­…åŠ›æ— é™çš„æ¼”å‘˜ä»¬éƒ½ä¸€ä¸€æˆä¸ºæ¼«å¨ç³»æˆ–æ˜¯å…¶ä»–å„ç±»å•†ä¸šç‰‡çš„é™ªè¡¬ï¼Œä»–ä»¬ä¸€ä¸ªä¸ªéƒ½åƒæ˜¯ä»Žé‡å­é¢†åŸŸå½’æ¥ï¼Œé­…åŠ›ä¾æ—§åªæ˜¯çš±çº¹é¿å…ä¸äº†ï¼Œå°±å¥½åƒæˆ‘çš„è§‚å½±æ—…ç¨‹ä¹Ÿç»åŽ†äº†ä¸€ä¸ªæ²¡æœ‰æ—¶é—´æ²¡æœ‰ç©ºé—´çš„é‡å­ä¸–ç•Œï¼Œè€Œä»–ä»¬è¿˜åœ¨ï¼Œåˆå¿ƒé…¸åˆæ¬£æ…°"
77,Amberose,6,æŽ¨è,æˆ‘æƒ³ï¼Œæˆ‘æ€€å¿µçš„å¹¶ä¸æ˜¯èšäººï¼Œè€Œæ˜¯Mikeå§ï¼Ÿ
78,è‹¹æžœæ´¾,9,è¿˜è¡Œ,åæ´¾ä¹‹å¼±å ªç§°æ¼«å¨ç”µå½±ä¹‹æœ€ï¼Œåªèƒ½å½“å–œå‰§ç‰‡çœ‹äº†ã€‚
79,å²©äº•ä¿Šä¸ƒ,6,è¿˜è¡Œ,ç»§ç»­åˆ©ç”¨æ”¹å˜ç‰©ä½“å¤§å°è¿™ä¸ªç‰¹ç‚¹è¿›è¡Œå¯¹åŠ¨ä½œæˆçš„ä¼˜åŒ–æ¯«æ— ç–‘é—®æ˜¯å‡ºè‰²çš„ï¼Œå½“ç„¶å…¶ä»–éƒ¨åˆ†ä¹Ÿæ˜¯ç›¸å½“ä¹å–„å¯é™ˆã€‚
80,ç§æˆ¿æ­Œ,6,è¿˜è¡Œ,ã€C+ã€‘ä»Žå‰§æœ¬ç¼–æŽ’ï¼Œåˆ°é£Žæ ¼æŠŠæŽ§ï¼Œå†åˆ°åˆ¶ä½œæ€è·¯ï¼Œéƒ½æ›´åƒä¸€é›†åˆ¶ä½œç²¾è‰¯çš„â€”â€”ç¾Žå‰§ã€‚
81,èŠ¦å“²å³°,2,åŠ›è,ã€Šå¤è”4ã€‹ä¹‹å‰ï¼Œè¿™éƒ¨ã€Šèšäºº2ã€‹ä¸ä»…ä¸€ä¸‹å­å‡ºçŽ°äº†ä¸¤ä¸ªè¶…çº§è‹±é›„ï¼Œè¿˜å¯¹æœªæ¥çš„ã€Šå¤è”4ã€‹å‰§æƒ…æå‰åšå‡ºé“ºåž«ã€‚å°¤å…¶æ˜¯ç‰‡å°¾çš„å½©è›‹å°†â€œé‡å­é¢†åŸŸâ€çš„ä¿¡æ¯å’Œã€Šå¤è”4ã€‹ä¸²åˆ°äº†ä¸€èµ·ï¼Œè¿™ä¸ªå½©è›‹å‡ ä¹Žä»¤çœ‹è¿‡çš„è§‚ä¼—â€œå¹ä¸ºè§‚æ­¢â€ã€‚
82,æ‰˜å°¼Â·çŽ‹å¤§æ‹¿,4,è¿˜è¡Œ,æ ¼å±€ä¸å¤Ÿå¤§ï¼Œèšäººä¸ªäººä¹Ÿä¸çªå‡ºï¼Œå°±ä¸€èˆ¬çš„çˆ†ç±³èŠ±å¤§ç‰‡ã€‚
83,æŽ‰çº¿,4,åŠ›è,å¤§å°é£žè½¦è¡ŒæŽæ¥¼ï¼Œèœåˆ€è‚‰é”¤æ‹†åŽ¨æˆ¿ï¼Œè™šå®žç©¿å¢™ç™½å¹½çµï¼Œå·¨äººæ»‘æ¿åˆ©ç»´å¦ï¼Œâ€œä½ ä»¬çœŸè¦ä»€ä¹ˆè¯å‰é¢éƒ½åŠ é‡å­å—ï¼Ÿâ€ä¹‹é‡å­é¢†åŸŸçžŽèƒ¡æ¥â€¦â€¦æ•…äº‹æ²¡äº†Edgar WrightåŠ æŒï¼Œè¿žçƒ‚gagéƒ½æ¯”ç¬¬ä¸€é›†å·®ä¸å°‘ï¼Œä½†ç‰¹æ•ˆå¥‡è§‚ä¿æŒè´¨é‡ï¼Œä¸é”™
84,ç”µå½±è°·sir,8,è¾ƒå·®,æ¼«å¨å•äººç”µå½±èµ°å‘æˆç†Ÿçš„ä¸»è¦åŽŸå› åœ¨äºŽä»Žç¬¬äºŒé˜¶æ®µå¼€å§‹çš„è¶…è‹±ç±»åž‹ç‰‡åŒ–å¤„ç†ï¼Œè€Œèšäººå¤§æ¦‚æ˜¯ç›®å‰ä¸ºæ­¢ç±»åž‹å…ƒç´ æœ€è‡ªè¶³çš„ä¸€ä¸ªï¼Œè®©äººè”æƒ³åˆ°ä¹åå¹´ä»£å·´é‡ŒÂ·ç´¢å—è²å°”å¾·å’Œè¯ºæ‹‰Â·è‰¾èŠ™éš†çš„ä½œå“ï¼Œä½†æ²¡äº†é¦–é›†åŸƒå¾·åŠ Â·èµ–ç‰¹çš„å®è´µâ€œé—äº§â€ï¼Œæœ¬é›†å˜å¾—å¦‚æ¬¡ç­‰å°å“èˆ¬æµæ°´å’Œè½»æµ®ï¼Œè¿˜å¹ä»€ä¹ˆé«˜æ½®è¿½è½¦æˆè‡´æ•¬ã€Šè­¦ç½‘é“é‡‘åˆšã€‹ï¼Œåˆ«é€—äº†ã€‚
85,Bless_U,7,æŽ¨è,3.5 æ˜¾ç„¶æ¯”å†—é•¿ã€é‡Žå¿ƒè¿‡å¤§çš„ã€Šå¦‡è”3ã€‹å¥½ä¸Šä¸å°‘ã€‚ç¬¬ä¸€æ¬¡ï¼Œâ€œåæ´¾â€æ˜¾å¾—ä¸é‡è¦äº†â€”â€”è¿™å°±æ˜¯éƒ¨å‘ç”Ÿåœ¨æ—§é‡‘å±±çš„ï¼Œå……æ»¡çŽ©å‘³çš„çˆ±æƒ…å–œå‰§ã€‚æ¼«å¨åœ¨é‡è¦çš„åå­—è·¯å£è½¬æŠ˜ç‚¹ï¼Œç«Ÿç„¶å¥‰çŒ®å‡ºäº†ä¸€éƒ¨â€œæ¯«æ— å¨èƒæ„Ÿâ€çš„ä½œå“ã€‚å®ƒæŠŠè€å¥—çš„è½»æ¾ã€æµªæ¼«ã€è‹¦ä¸­ä½œä¹å‘æŒ¥åˆ°æœ€å¤§ï¼Œç»§ç»­å¸¦ç‚¹ç‰¹æ‘„é£Žå‘³ã€‚ä¿ç½—Â·è·¯å¾·å’ŒåŸºå‹çš„å–œå‰§è¡¨æ¼”å¤ªæ‰Žå®žäº†ï¼Œææƒšä¹‹é—´è¿˜ä»¥ä¸ºåœ¨çœ‹ä¸æ‹¿é»‘äººèº«ä»½è¯´äº‹çš„ä¹”ä¸¹Â·çš®å°”ã€‚
86,kylegun,5,æŽ¨è,è¿˜ä¸é”™ï¼å˜å¤§å˜å°å˜æ¼‚äº®ï¼è¿½è½¦æˆæŒºå¥½çŽ©çš„ã€‚æˆ‘æœ‰ä¸€ä¸ªé—®é¢˜ï¼Œä½ ä»¬é‡å­é¢†åŸŸåŒ…ä¿®çœ‰åŒ–å¦†åšå‘åž‹å—ï¼Ÿ
87,æ–‡æ£®ç‰¹ä¹å…­,8,æŽ¨è,"I expected a funny Marvel movie without an overly complicated story, I got a funny Marvel movie without an overly complicated story, I feel happy."
88,å¾è‹¥é£Ž,5,è¿˜è¡Œ,ç¬¬ä¸€ä¸ªç°é£žçƒŸç­å½©è›‹å‡ºæ¥ æˆ‘å’Œè‰è‰ï¼šå§æ§½ï¼Ÿï¼Ÿï¼Ÿï¼Ÿï¼Ÿä»¥åŠåªæ”¾èŽ«é‡Œè¥¿çš„jukeboxå±žäºŽæˆ‘ä»¬gangäº†ï¼[Sony Original] w/ è‰è‰
89,é…·æ€»å«æˆ‘åŽ»æ¡å±Ž,3,æŽ¨è,èšäººä½œä¸ºæ¼«å¨å®‡å®™ä¸­ä¸ºæ•°ä¸å¤šçš„å¹³æ°‘è‹±é›„ï¼Œå›´ç»•ä»–çš„æ›´å¤šæ˜¯å®¶åº­è‰²å½©ï¼Œèµ°çš„æ˜¯å–œå‰§åŒ…è£¹ä¸‹çš„æ¸©æƒ…è·¯çº¿ï¼Œå†åŠ ä¸Šä¿ç½—Â·è·¯å¾·å‡ºè‰²çš„å–œå‰§è¡¨æ¼”å¤©åˆ†ï¼Œã€Šèšäºº2ã€‹ä¾ç„¶æ˜¯ä¿æŒç€æ¼«å¨çš„ä¸€è´¯æ°´å‡†ï¼Œè€ŒæƒŠå–œæ¥è‡ªäºŽå‰¯æ ‡é¢˜çš„é»„èœ‚å¥³ï¼Œå¥¹å¯¹å¤§å°åˆ‡æ¢çš„ä½œæˆ˜æ–¹å¼æ¯”èšäººå‘ˆçŽ°å¾—æ›´ä¸ºä¸°å¯Œå’Œç²¾å½©ã€‚æ”¾åœ¨æ¼«å¨å®‡å®™ä¸­ï¼Œã€Šèšäºº2ã€‹çš„å¸ƒå±€ä½œç”¨çœ‹èµ·æ¥å¾ˆæœ‰é™ï¼Œä½†é‡å­é¢†åŸŸçš„è¿›ä¸€æ­¥å‘ˆçŽ°ï¼Œå¾ˆå¯èƒ½æˆä¸ºæ¼«å¨ä¸‹ä¸€é˜¶æ®µæ‰€å€šé‡çš„å…³é”®è®¾å®šã€‚
90,éº¦ç”°é‡Œçš„ç»ˆç»“è€…,10,è¾ƒå·®,çœ‹å®Œã€Šèšäºº2ã€‹çš„åŽé—ç—‡ï¼šçŽ°åœ¨çœ‹åˆ°æ‹‰æ†ç®±éƒ½ä¼šå¤šçž…ä¸¤çœ¼ï¼Œç¡®å®šé‚£çœŸçš„æ˜¯æ‹‰æ†ç®±ã€‚
91,robertooo,8,æŽ¨è,ç¬‘æ–™è¶³è§‚æ„Ÿä½³ï¼Œå°åº¦å°å“¥rapçš„ç‰‡æ®µï¼ŒæœŸå¾…æˆä¸ºå¹´åº¦ç¬‘ç‚¹ã€‚å¥³ä¸»æœ‰ç‚¹è€ï¼Œåè€Œå¥¹å¦ˆå¦ˆå¾ˆæœ‰èŒƒã€‚
92,Enjolras,2,æŽ¨è,æ•…äº‹å»¶ç»­ç¬¬ä¸€éƒ¨å’Œã€Šç¾Žé˜Ÿ3ã€‹ï¼Œè¿™ä¸€éƒ¨æ¯”èµ·ä¹‹å‰å‡ éƒ¨æ¼«å¨ä½œå“å°±ç›¸å½“æµæ°´çº¿å’Œå•†ä¸šäº†ï¼Œå¦‚æžœä¸æ˜¯æ¼«å¨ç³»åˆ—å½±ç‰‡ä¹Ÿå°±åŠæ ¼å‡ºå¤´çš„æ°´å‡†ã€‚å»ºç­‘ç‰©å’Œæ±½è½¦çš„å¤§å°å˜åŒ–è¦ç¨å¸¦æ„Ÿäº›ï¼Œå¯¹äººç‰©å˜å¤§å˜å°å·²ç»æ²¡æœ‰ç¬¬ä¸€éƒ¨æ—¶é‚£ä¹ˆå¸å¼•äººäº†ã€‚å–œå‰§éƒ¨åˆ†ä¹Ÿå·®å¼ºäººæ„ã€‚æ ¹æ®ç¬¬ä¸€éƒ¨çš„å‰§æƒ…ï¼Œæ•‘å‡ºä¸€ä»£é»„èœ‚å¥³ä¹Ÿæ˜¯æƒ…ç†ä¹‹ä¸­ï¼Œå·ç›—å’ŒBOSSæˆ˜éƒ¨åˆ†æ˜Žæ˜¾æ²¡æœ‰ç¬¬ä¸€éƒ¨ç²¾å½©ã€‚å’Œå¦‡è”çš„æ•…äº‹è¡”æŽ¥æœ¬åº”è¯¥æ˜¯çœ‹ç‚¹ä¹‹ä¸€ï¼Œé‚£è¾¹éƒ½åœ¨ä¸ºå®‡å®™å­˜äº¡æ‰“ç¿»å¤©äº†ï¼Œè¿™è¾¹å°±åœ¨è¿™å°æ‰“å°é—¹ï¼Œä»…é ç¬¬ä¸€ä¸ªå½©è›‹å¼ºè¡Œå¯¹æŽ¥ã€‚ç¬¬äºŒä¸ªå½©è›‹æ›´æ˜¯å¼ºè¡ŒWTFï¼è§‚å½±è¿‡ç¨‹ä¹Ÿå¾ˆä¸å¥½ï¼ŒåŽé¢ä¸€ä¸ªç¬‘ç‚¹æžä½Žç¬‘å£°æžé«˜çš„å¥³ä¸­äºŒï¼Œå³è¾¹ä¸€ä¸ªèƒ–å¥³äººå¸¦ä¸€ä¸ªå››å²å·¦å³çš„å¥³å„¿æ¥çœ‹ï¼Œå­©å­ä¹Ÿä¸å¸¦çœ¼é•œå…¨ç¨‹ä¸€ç›´ä¸å—æŽ§çš„è¯´è¯æé—®å–Šå¦ˆå¦ˆï¼Œæ¯äº²ä¸ä½†ä¸åˆ¶æ­¢è¿˜æ—¶ä¸æ—¶å›žç­”å¥¹çš„é—®é¢˜ã€‚å¦‚æžœå½“æ—¶æ‰‹é‡Œæœ‰æŠŠæžªæˆ‘å¯èƒ½ä¼šä¸å—æŽ§çš„å°„æ€å¥¹ä»¬ï¼
93,èŠ¥æœ«è˜¸é…±,8,è¿˜è¡Œ,ä¸­è§„ä¸­çŸ©ï¼Œåº”è¯¥æ˜¯ä¸ºå¤è”4ä½œé“ºåž«ã€‚
94,æ‚å®¢.ç½—,8,æŽ¨è,0717ï¼šè¿™æ˜¯æ¼«å¨ç‰ˆçŽ©å…·æ€»åŠ¨å‘˜ï¼Œæ‰“æ–—èƒ½èŒå‡ºä¸€ç§å°å¥³å­©è¿‡å®¶å®¶çš„æ„Ÿè§‰ï¼ŒçœŸæƒ³é€ä»–ä»¬ä¸€åªç²‰çº¢ç‹¬è§’å…½ã€‚èšäººè·Ÿé»„èœ‚å¥³ï¼Œé‚£ç§å±Œä¸é…å¥³å¤§ä½¬çš„è´¨æ„Ÿï¼Œè¶…å¸¦æ„Ÿã€‚äºŒä»£çš„æƒ…æ„Ÿèµ°å‘ï¼Œåº”è¯¥æ˜¯è¦è·Ÿä¸€ä»£ä¸€æ ·å§ï¼Ÿæˆ‘å®žåœ¨æ˜¯å¤ªçˆ±ä¼Šä¸‡æ°ç³Â·èŽ‰èŽ‰äº†ï¼Œæ¼«å¨å¥³æ¼”å‘˜ä¸­ï¼Œå¯¹å¥¹çš„æ„Ÿæƒ…å§‹ç»ˆæ˜¯æœ€æ·±çš„ï¼Œæ²¡æœ‰ä¹‹ä¸€ã€‚æ˜†è™«è‹±é›„éƒ½è¶…æŽ¥åœ°æ°”å•Šï¼Œè€Œç›¸æ¯”å°èœ˜è››ï¼Œæˆ‘è¿˜æ˜¯æ›´çˆ±èšäººè¿™ç»ä¸–å¥½çˆ¹ã€‚åœ¨è¿™ä¸»æ‰“äº²æƒ…çš„ç³»åˆ—é‡Œï¼Œä¸¤ä¸ªå®¶åº­éƒ½é‚£ä¹ˆæœ‰çˆ±ï¼Œä¸¤ä»£äººä¹‹é—´çš„ç‰µç»Šï¼ŒçœŸæ˜¯æš–å¿ƒã€‚è¯è¯´ï¼ŒLuisæœ‰è¿™å˜´ç‚®ï¼Œè¿˜éœ€è¦ä»€ä¹ˆè¶…èƒ½åŠ›ï¼Ÿæ— æ•Œäº†å·²ç»ã€‚ä¸è¿‡è¿™ä¸€éƒ¨åœ¨åæ´¾è®¾ç½®ä¸Šï¼Œç¡®å®žå¾ˆè–„å¼±ï¼Œä½†åæ­£éƒ½æ˜¯å†²ç€ã€Šå¤è”4ã€‹è¿‡æ¸¡åŽ»çš„ï¼Œåç­‰é‡å­é¢†åŸŸæ‰“å¼€ä¸€æ¡é€šè·¯ã€‚å¦å¤–ï¼Œé²æ¯”Â·åŽçº³ç“¦å°”ç»§ç»­åƒä¸ªå¤§ç‹—ç†Šä¸€æ ·æš–æš–çš„ï¼Œå¸Œæœ›ä»¥åŽæˆä»½å¤šç‚¹ã€‚ä¿ç½—Â·è·¯å¾·æ˜¯è¦ç”·å¥³é€šæ€äº†ï¼Œè·Ÿå²³çˆ¶ï¼Œè·Ÿé‡‘ä¸‰èƒ–ï¼Œéƒ½èŽ«åè¡¬ä¸€è„¸ï¼Œå“ˆå“ˆã€‚0830ï¼šäºŒåˆ·æ—¶åœ¨IMAXåŽ…çš„å‰æŽ’ï¼Œå…¥ç”»çš„è§‚æ„Ÿç›¸å½“ç¾Ž
95,å…«çˆª,4,è¿˜è¡Œ,é™¤äº†å‚¬æ³ªå®«æ–—å‰§ã€Šé›·ç¥žã€‹å’Œå¯†å®—å®£ä¼ ç‰‡ã€Šå¥‡å¼‚åšå£«ã€‹ï¼ŒMCUä¸­æœ€å–œæ¬¢çš„ç³»åˆ—å°±æ˜¯ã€Šèšäººã€‹ï¼ŒçœŸæ­£çš„â€œç‰›è§’æ²¡æœ‰å˜å¤§ï¼Œå¯†å‹’æ—¥å·´ä¹Ÿæ²¡æœ‰å˜å°â€ï¼Œé‡å­æ—¶ä»£å·²ç»å¼€å§‹å¯æ™ºï¼ˆç‰‡ä¸­å¯¹é‡å­å·²è‡ªé»‘ï¼‰ã€‚å½“ç„¶è¦æ˜¯å½“å¨±ä¹ç‰‡çœ‹ä¹ŸæŒºå¥½çŽ©ï¼Œminiature artçˆ±å¥½è€…ä¸åº”è¯¥é”™è¿‡ã€‚è‡³äºŽç­éœ¸ï¼ï¼ç­éœ¸å°±æ˜¯æ¯”äº†ä¸ªå¿ƒï¼Œå…¨å®¶éƒ½â€¦â€¦ï¼å…¨å®¶å˜æ­Œåˆ©äºšå¹²ä½ å“¦ã€‚
96,å‘†èŒå…”,7,è¿˜è¡Œ,è€å¤´å„¿èº«ä½“çœŸå¥½ï¼ŒåŽ»è¶Ÿé‡å­é¢†åŸŸå›žæ¥éƒ½ä¸å¸¦å–˜æ°”çš„ï¼›è€å¤´å„¿çœŸæµªæ¼«ï¼ŒåŽ»è¶Ÿé‡å­é¢†åŸŸåªä¸ºå¯»å›žçœŸçˆ±ã€‚ç±³æ­‡å°”Â·è²ä½›å’Œè¿ˆå…‹å°”Â·é“æ ¼æ‹‰æ–¯ç»„ä¸€å¯¹ï¼Œæ˜Žæ˜¾å°±æ˜¯ä¸Šä¸–çºªé»„é‡‘ä¸€ä»£çš„ç‹‚æ¬¢å˜›ï¼Œè™½ç„¶ä¸¤äººä¹Ÿå·®ç€è¾ˆå„¿åœ¨ï¼Œä¸è¿‡ï¼Œè¿™å¤šå°‘è¿˜æ˜¯å¾—ç®—è¿‘å¹´è¶…è‹±ç”µå½±é‡Œæœ€èƒ½è®©æˆ‘ä¼šå¿ƒä¸€ç¬‘çš„â€œå½©è›‹â€äº†ã€‚
97,Mr. Infamous,10,è¿˜è¡Œ,ï¼ˆå¤§é™†ï¼‰é›¶ç‚¹åœºã€‚åŸºæœ¬ä¸Šå°±æ˜¯è½»æ¾çœ‹çš„è¿‡æ¸¡ä½œå“ï¼Œæ²¡æœ‰ä»€ä¹ˆçœŸæ­£æ„ä¹‰ä¸Šçš„åæ´¾ï¼Œä¹Ÿå°±é€ æˆå…¶å®žéƒ½ä¸ç®—æ˜¯ä¸€ä¸ªâ€œè¶…çº§è‹±é›„ç”µå½±â€äº†ã€‚æ€»ä¹‹happy endingè¿˜æ˜¯æŒºå¥½çš„ï¼Œä¸­é€”ä¸€åº¦ä»¥ä¸ºæŸå‡ ä¸ªäººä¼šæ­»æŽ‰â€¦â€¦ï¼ˆç¬¬ä¸€ä¸ªï¼‰å½©è›‹æ¯”æ­£ç‰‡åˆºæ¿€ç³»åˆ—ï¼Œè™½ç„¶å…¶å®žçœ‹ä¹‹å‰ä¹Ÿèƒ½å¤§æ¦‚çŒœåˆ°å½©è›‹çš„å†…å®¹ã€‚ç¬¬äºŒä¸ªæ‰€è°“å½©è›‹å®žåœ¨å¤ªå‘äº†â€¦â€¦
98,11,2,æŽ¨è,"çœ‹äº†å¤ªå¤šæ¼«å¨ç‰ˆçš„å›½ä»‡å®¶æ¨å¤§å¥¸å¤§æ¶ç”Ÿç¦»æ­»åˆ«,æ¢ä¸ªå£å‘³çš„å°æ‰“å°é—¹å°æ©å°æ€¨å°ç¡®å¹¸ä¹ŸæŒºå¥½çš„.èšäººèŒè ¢çš„å¸¦åŠ¨ç€æ•´ç‰‡é€—é€¼ç¨‹åº¦ç›´çº¿é£™å‡,è¿žåæ´¾ä¹Ÿå¯çˆ±çš„ä¸é­äººæ¨.èŒç¿»ä¸€è·¯çš„æ°´ç†Šè™«å’Œæ›¿èº«èš‚èšå°±å€¼ä¸€æ˜Ÿï¼ä¸è¿‡èƒ¡é—¹äº†åŠå¤©,ç¬¬ä¸€ä¸ªå½©è›‹è¿˜æ˜¯æŠŠæˆ‘ä»¬æ‹‰å›žäº†å“æŒ‡å®‡å®™â€¦"
99,æŸ¯é‡Œæ˜‚,5,è¿˜è¡Œ,è¿˜å¯ä»¥
100,zykmilan,9,è¿˜è¡Œ,æ„Ÿè§‰æœ‰ç‚¹æ‰¯â€¦â€¦
101,dunefox,8,æŽ¨è,æ¼«å¨è¿„ä»Šä¸ºæ­¢æœ€å®Œå–„çš„ä¸ªäººè‹±é›„ä¼ è®°â€”â€”åªè¦å¿½ç•¥æŽ‰å¼ºè¡Œæ„ŸåŠ¨çš„æ‰¾å¦ˆå¦ˆçº¿çš„è¯â€”â€”å…¶ä»–éƒ¨åˆ†è¶…è¿‡é¢„æœŸã€‚ä¸åƒä¸Šä¸€éƒ¨æ‰“è™ç¾Šçš„ç§ƒå­åæ´¾é‚£æ ·å¹¼é½¿ï¼Œæ˜¯å¾ˆä¿—å¥—ä½†ä¸ä½Žçº§çš„å®¶åº­å–œå‰§ï¼Œä¼¼ä¹Žæ˜¯ä»Žä¹åå¹´ä»£ç©¿è¶Šæ¥çš„ï¼Œä¸åƒæˆ‘ä»¬è¿™ä¸ªèºåŠ¨æ—¶ä»£çš„äº§ç‰©ã€‚å¿…é¡»ä¸¥è‚ƒæŒ‡å‡ºï¼šå¹½çµæ˜¯ç©¿ä¸ä¸Šæ™®é€šè¡£æœçš„â€¦â€¦
102,æ™—æ™—æ™—é¢–è€¶,5,æŽ¨è,æˆ‘é æˆ‘é æˆ‘é 
103,å¤§æµ·é‡Œçš„é’ˆ,5,è¿˜è¡Œ,æœ€å¤§çš„å°è±¡ä¹Ÿå°±æ˜¯é‚£ä¸ªèƒ½å¤§èƒ½å°çš„æ—…è¡Œç®±äº†
104,è·¯è¥¿æ³•å°”,5,è¿˜è¡Œ,è€é€šç¼‰çŠ¯ä¸ºäº†å¤æ´»ä»–è€å©†ï¼Œå’Œä»–å¥³å„¿æ•™å”†å¦ä¸€ä¸ªç½ªçŠ¯é‡æ“æ—§ä¸šï¼Œç„¶åŽå‡ºçŽ°äº†å¦ä¸€ä¸ªç½ªçŠ¯ï¼Œä¸¤æ‹¨äººä»Žå¸‚åŒºæ‰“åˆ°ç å¤´ï¼Œç ¸äº†æ— æ•°æ±½è½¦å’Œæ°‘å±…ï¼ŒæŠ¢äº†è·¯äººçš„å¡è½¦å½“æ»‘æ¿è½¦ï¼Œåœ¨å…¬è·¯ä¸Šæ‰”ä¸€æ ‹å¤§æ¥¼ï¼Œè¾¾æˆç›®çš„ä»¥åŽæ‹æ‹å±è‚¡å’Œå¥½å¦‚åˆï¼Œäº’ç›¸åŒ…åº‡é€ƒè·‘ï¼ŒæŠŠè´£ä»»å…¨éƒ¨æŽ¨ç»™å€’éœ‰å‚¬çš„é»‘ç¤¾ä¼šâ€¦å®Œäº‹äº†ä½ è·Ÿæˆ‘è®²è¿™æ˜¯ä¸€ä¸ªâ€œè¶…çº§è‹±é›„â€çš„æ•…äº‹ï¼Ÿ
105,æ¡œã®èŠ±é£žèˆžæ—¶,7,æŽ¨è,å–œæ¬¢èšäººçš„åŽŸå› åœ¨äºŽï¼Œå°æ—¶å¾ˆçˆ±çœ‹ã€Šäº²çˆ±çš„ï¼Œæˆ‘æŠŠXXXæ”¾å¤§æˆ–ç¼©å°ã€‹ç³»åˆ—ï¼Œèšäººåº”è¯¥æ˜¯ã€Šäº²çˆ±çš„ï¼Œæˆ‘æŠŠæˆ‘ä»¬å¥³å©¿ç¼©å°äº†ã€‹
106,æ–¹æžªæžª,4,è¿˜è¡Œ,å‘ƒ æ„Ÿè§‰çœŸçš„å¤ªå¤ªä¸€èˆ¬äº†  å°±ç»“å°¾çš„ç¬¬ä¸€ä¸ªå½©è›‹æœ‰ç‚¹æ„æ€
107,æ±å°±åšå¾çš„çŠ¬å§,2,æŽ¨è,Luis å¯¹å£åž‹æ°¸è¿œæœ€æ£’å¥½ä¹ˆ
108,ç¾šç¾Šçš„çµé­‚,5,è¿˜è¡Œ,æ¼«å¨çš„ç³»åˆ—çœ‹å¤šäº†çœŸçš„æ²¡ä»€ä¹ˆæ–°æ„ï¼Œä¸è¿‡è¿™éƒ¨æ¯”æƒ³è±¡ä¸­ç¨å¾®å¥½ç‚¹ï¼Œèµ·ç æœ‰äº›æƒ³æ³•è¿˜ç¡®å®žæŒºæžç¬‘çš„ï¼Œæ¯”å¦‚èš‚èšæ‰“æž¶å­é¼“â•®(â•¯â–½â•°)â•­ ä¸‰æ˜ŸåŠæ ¼è½
109,ä½•å€©å½¤,1,æŽ¨è,æ€Žä¹ˆåŠžï¼æš–çˆ¸èŒå¨ƒæ²™é›•æ‹æ¡£ï¼ˆå½“ç„¶è¯´çš„æ˜¯penaï¼‰éšåœ°å¤§å°å˜çš„ç‰¹å¼‚åŠŸèƒ½ï¼Œæˆ‘å°±å¾ˆåƒè¿™ä¸€å¥—å•Šï¼æ¼«å¨ä¸–ç•Œä¸­çš„æ²»æ„ˆç³»ï¼Œè¶…çº§è‹±é›„é‡Œçš„å¦ç±»å’–ï¼ç¬‘å£°ä¸æ–­ä¿©å°æ—¶ï¼Œé¸¡çš®ç–™ç˜©çˆ†èµ·å…¨åœºå•Šå•Šå•Šçš„å½©è›‹1åˆ†é’Ÿï¼ŒåŠ ä¸€æ˜Ÿï¼@å¹¿å®‰é—¨
110,è‰¾å°çŽ›,6,è¿˜è¡Œ,"ç¬¬äºŒä¸ªå½©è›‹å¯èƒ½æ‰æ˜¯æœ€é‡è¦çš„é“ºåž«ï¼Œä¹Ÿè®¸èšäººè€å“¥å’Œé‚£ä¸ªæ‰“æž¶å­é¼“çš„å¤§èš‚èšä¹‹é—´ä¹Ÿæœ‰é‡å­çº ç¼ ï¼Ÿ
/ä¸æ‡‚é‡å­åŠ›å­¦ä¹Ÿè¦çžŽBBç³»åˆ—"
111,é—å¿˜ä»¥åŽ,10,æŽ¨è,å¦‚æžœåŒºå—é“¾ï¼Œæ¯”ç‰¹å¸å’Œäººå·¥æ™ºèƒ½éƒ½å¯ä»¥è¢«å½“ä¸‹äººç±»æ‰€é¢„çŸ¥çš„è¯ï¼Œé‚£ä¹ˆé‡å­ç©ºé—´åˆ™æä¾›äº†æœªæ¥ä¸–ç•Œçš„æ— é™å¯èƒ½ã€‚
112,å›æµå„¿,7,æŽ¨è,ç¬¬ä¸€ä¸ªå½©è›‹å¯ä»¥è·Ÿã€Šæ­»ä¾2ã€‹çš„äº‰ä¸€ä¸‹å¹´åº¦æœ€ä½³å½©è›‹ï¼çœ‹å®Œä»¥åŽå¥½æƒ³ä¹°HTæ–°å‡ºçš„èšäººå’Œé»„èœ‚å¥³å…µäººå•Šæ··è›‹ï¼ï¼æ„Ÿè§‰äººç”Ÿå’Œé’±åŒ…éƒ½æŽ‰åˆ°æ¼«å¨çš„quantum realmé‡Œé¢å‡ºä¸æ¥äº†ï¼ï¼ï¼
113,å®‰è“Â·æ€ªä¼¯çˆµ,2,æŽ¨è,è§‰å¾—è‡ªå·±å…¨ç¨‹éƒ½åœ¨èŠ±ç—´ç¬‘ã€‚Paul RuddçœŸå¿ƒæ€Žä¹ˆçœ‹éƒ½å¯çˆ±å•Šï¼Œè¿™äººåšçˆ¸çˆ¸å¥½ï¼Œåšæƒ…äººä¹Ÿå¥½ï¼Œåšå•¥éƒ½å¥½ã€‚Michelle Pfeiffer ä¹Ÿæ˜¯ï¼Œé‚£ä¹ˆç¾Žã€‚è¯´èµ·æ¥ï¼Œä»–ä¿©ä¹Ÿæ˜¯æ—©å·²â€œæƒ…ä¸è‡ªç¦çˆ±ä¸Šä½ â€ï¼Œè€Œä¸Šèº«ä¸€æ®µï¼Œåˆæ˜¯å¤šä¹ˆçš„åƒâ€œIdeal Homeâ€å‘€ï¼
114,åº·æŠ¥è™¹,6,æŽ¨è,çˆ†ç±³èŠ±ç”µå½±çˆ±å¥½è€…æ— ç–‘äº†æˆ‘
115,æ­¦ä¾ å°çŽ‹å­,3,æŽ¨è,è¿˜å¯ä»¥å§ï¼Œå¨±ä¹æ€§å’Œè§‚èµæ€§éƒ½ä¸é”™ï¼Œé»‘ç§‘æŠ€å¤ªåŽ‰å®³äº†ï¼Œå‡ æ®µè¿½è½¦æˆæŒºç²¾å½©ï¼Œä½†æ˜¯å‡ ä¸ªåæ´¾çœŸçš„å¼±çˆ†äº†å•Š
116,çŒªå¤§è…¿,6,æŽ¨è,"""The '60s were great, but now I'm paying for it."" best line by Stan Lee. 
the 1st post credit scene was unexpectedly....depressing...
but the 2nd post credit scene was hilarious XD"
117,vivi,4,è¿˜è¡Œ,è½»æ¾+æ„‰å¿«ï¼Œå¼€å¼€å¿ƒå¿ƒæ²¡å¿ƒæ²¡è‚ºå¾ˆå¥½ç†¬çš„ä¸¤ä¸ªå°æ—¶ã€‚è¿™æ‰æ˜¯ç±»åž‹ç‰‡çš„ä½¿å‘½å•Šï¼Œå®Œæˆå¾—ä¸é”™ã€‚
118,æ›¾è‰¯å›,4,æŽ¨è,ä¸»çº¿å‰§æƒ…å…¶å®žæŒºç®€å•çš„ï¼Œæ— éžæ˜¯æ‰“æ‰“å¤§bosså’Œæ•‘å‡ºä¸ˆæ¯å¨˜ï¼Œä½†è§‚æ„Ÿå’Œå¨±ä¹æ€§è¿˜æ˜¯å¾ˆå¼ºçš„ã€‚è™½ç„¶æ¯”ä¸äº†å¤è”3è¿™æ ·çš„å¤§åˆ¶ä½œå¤§æ ¼å±€ï¼Œä½†èšäººç³»åˆ—è¿˜æ˜¯å¾ˆæœ‰è‡ªå·±çš„é£Žæ ¼çš„ï¼Œè¯ç—¨å¥½å‹ã€å¯çˆ±å¥³å„¿ã€è ¢èŒæŽ¢å‘˜å‡æ˜¯äº®ç‚¹ï¼Œå½©è›‹ç­éœ¸æ‰“å“æŒ‡è®©äººæœ‰ç‚¹å“­ç¬‘ä¸å¾—ã€‚PS.è²ä½›é˜¿å§¨çœŸæ˜¯å¤ªæœ‰æ°”è´¨äº†ï¼Œæœ¬ç›´å¥³è¦å¼¯äº†ã€‚
119,ä¹”æ²»,5,è¿˜è¡Œ,å¥³å„¿é•¿å¤§äº†ï¼ï¼ï¼å¥³å„¿æ²¡æ¢äººï¼ï¼ï¼æ„Ÿæ©ï¼ï¼ï¼æ‰“å¾—æŒºè¿‡ç˜¾çš„
120,æ­¦å£«çŒ«,5,æŽ¨è,2018â€¦â€¦
121,åŽç››é¡¿æ¨±æ¡ƒæ ‘,3,è¿˜è¡Œ,åœ¨é‡å­çš„é¢†åŸŸé‡Œé¨æ¸¸ï¼Œåœ¨çº¸ç®±çš„èšç©´ä¸­å†’é™©ï¼Œå¹¶æ— é«˜ä½Žä¹‹åˆ†ï¼›å¸®åŠ©ç¾Žå›½é˜Ÿé•¿å†…æˆ˜ï¼Œç»™å¥³å„¿è®²ç¡å‰æ•…äº‹ï¼Œä¹Ÿæ— å¤§å°ä¹‹åˆ«ã€‚æŠ«ä¸Šç¥žå¥‡çš„æˆ˜è¡£ï¼Œèº«è´Ÿæžå¼ºçš„é­”åŠ›ï¼Œè§åˆ°ä½ æ‰æœ‰äº†ç”¨æ­¦ä¹‹åœ°ã€‚åœ¨å¥¹é¢å‰ä¸éœ€è¦åçœŸå‰‚ï¼Œåªè¦ä¸€åº§å°å°çš„å¥–æ¯ã€‚æ¯”èµ·å½“è¶…çº§è‹±é›„ï¼Œå½“ä¸€ä¸ªçˆ¶äº²å¹¶ä¸å¤ªå®¹æ˜“ã€‚æ¯”èµ·æ‹¯æ•‘ä¸–ç•Œï¼Œæˆä¸ºå¥³å„¿å¿ƒä¸­çš„è‹±é›„åŒæ ·é‡è¦ã€‚
122,å¼ è‹‘å¸Œ,7,è¿˜è¡Œ,è¿˜æœ‰ä¸€äº›ç¬‘ç‚¹ ä½†æ˜¯èšäººå¯èƒ½æ˜¯æˆ‘æœ€ä¸å–œæ¬¢çš„marveläººç‰©äº† è ¢çš„è›‹ç–¼ çœŸçš„å±ç”¨æ²¡æœ‰ ç¬¬ä¸€ä¸ªå½©è›‹å¤ªè¿‡åˆ†äº†ï¼ï¼
123,T.V.Zoe à®¿,3,è¿˜è¡Œ,åªè¦ä¸è¾ƒçœŸï¼Œåæ­£æ˜¯æ€Žä¹ˆç¼–éƒ½å¯ä»¥çš„ï¼Œçœ‹å¾—ä¹Ÿæ˜¯æœ‰ä¸€ç‚¹ç‚¹å¼€å¿ƒã€‚
124,é­”æ€ªå®¶çš„è„‘æ®‹ç²‰,0,è¿˜è¡Œ,è¿™æ¬¡çš„çƒ­å¹½é»˜æ¯æ®µéƒ½å¥½å°´å°¬ï¼ŒèŠ‚å¥å®Œå…¨ä¸å¯¹ã€‚çœŸçš„å¾ˆè®¨åŽŒçŽ°åœ¨æµè¡Œçš„è¿™ä¸ªè·¯çº¿ï¼Œã€Šé“¶æ²³ç‰¹å·¥é˜Ÿã€‹å’Œã€Šæ–°èœ˜è››ä¾ ã€‹è¿˜å‹‰å¼ºèƒ½ç¬‘å‡ºæ¥ï¼Œè¿™éƒ¨åˆ™æ˜Žæ˜¾å°±æ˜¯å‰§æœ¬é‡Œç¡¬æ’ï¼Œé•œå¤´ã€è¡¨æ¼”ã€å‰ªè¾‘åˆéƒ½è·Ÿä¸ä¸Šã€‚/å…³äºŽé‡å­ä¸–ç•Œæ¶ˆç£¨æ„å¿—è¿™ä¸€ç‚¹ï¼ŒçŽ©è¿‡é­”å¹»ç±»VRçš„äººåº”è¯¥éƒ½æ˜Žç™½ï¼Œé•¿æœŸåœ¨é‚£ç§å½±åƒé‡Œå¾…ç€â€¦â€¦ç»å¯¹ä¼šâ€œææƒšâ€ã€‚/åˆçœ‹åˆ°äº†é€šçµä¸Žé‡å­ç‰©ç†çš„å…±é€šã€‚/å‘çŽ°æ›´å¤šäºšæ´²å…ƒç´ ï¼šå°åº¦ã€éŸ©å›½ã€‚Hello Kittyã€‚/åŒç¬¬ä¸€éƒ¨ï¼Œè¢«æ›´å¤šç”»é¢è¯±æƒ‘åŽ»çœ‹äº†IMAXï¼Œä¸è¿‡ä½“éªŒçœŸçš„å¾ˆæ£’ï¼
125,è¥¿æ¥¼å°˜,6,è¿˜è¡Œ,å‡†ç¡®æˆ³åˆ°äº†æˆ‘çš„ç¬‘ç‚¹~å¤è”3ä¹‹åŽçš„å¼€èƒƒå°èœ
126,å…ƒå¸…,4,è¿˜è¡Œ,åˆæ ¼çš„çˆ†ç±³èŠ±ç”µå½±
127,é£›ä½æ–¯å°¼åŠ›å…‹é½Š,2,è¾ƒå·®,å‰§æƒ…æ·¡çš„è·Ÿå±Žä¸€æ ·ï¼Œä¸¤å°æ—¶é¢„å‘Šä¸€åˆ†é’Ÿæ­£ç‰‡ï¼Œè¿™çº¯è¿‡æ¸¡æ‹çš„å§ï¼Ÿï¼Ÿ
128,æ¡ƒå­,2,è¿˜è¡Œ,é¦–åœºIMAX ï¼ˆå››åˆ·ï¼‰ã€‚åŠ å¤§ä»½çš„çˆ†ç±³èŠ±å†°é•‡ç”œå¯ä¹ï¼Œå¤æ—¥æ¶ˆæš‘å¿…å¤‡ã€‚ç»§ç»­ä¹æ­¤ä¸å½¼çš„ä¸ºç³»åˆ—æŒ–å‘åŸ‹ä¼ç¬”ï¼Œæ•´ä½“å°æ‰“å°é—¹å´åˆé¡¾å…¨å¤§å±€çš„è¿‡æ¸¡æ€§ä½œå“ã€‚ç¬¦åˆå¤§é±¼å¤§è‚‰ï¼ˆå¤è”3ï¼‰ä¹‹åŽå³é£Ÿå°ç”œç‚¹çš„æ ¼å±€åŸºè°ƒã€‚èŠ‚å¥å’Œå¨±ä¹æ€§ä¿±ä½³ï¼Œè¿˜æ˜¯æ„æ–™ä¹‹å†…çš„æ’ç§‘æ‰“è¯¨æŠ–åŒ…è¢±ï¼Œä½†è½»æ¾å¹½é»˜ä¹‹ä½™ä¹Ÿä¸ä¹ä¸€ç‚¹å°æ¸©æƒ…è°ƒå‰‚ï¼Œä½†å¯æƒœéƒ½æ˜¯ä¸Šä¸€é›†çŽ©è¿‡çš„ç‚¹äº†ï¼Œæ–°é²œæ„Ÿå·²ç„¶ä¸åœ¨ï¼Œæ€»çš„æ¥è¯´å–œæ¬¢èšäººè¿™ä¸ªè§’è‰²å¤§äºŽè¿™éƒ¨ç”µå½±æœ¬èº«ï¼Œèµ¢åœ¨è®¾å®šä¸Šçš„å¤©é©¬è¡Œç©ºä»¥åŠå®šä½ä¸Šçš„â€œå°å·§çŽ²ç‘â€ï½ž
129,è¯¸è‘›ç¦åª›,2,æŽ¨è,å¤šä¸ªåæ´¾æœ‰ç‚¹å¼ºè¡Œè·Ÿç€ä¹±çš„æ„Ÿè§‰ï¼Œä½†å˜å¤§å˜å°è¿™ä¸€æ ¸å¿ƒå–ç‚¹è¿˜æ˜¯æˆå¾ˆè¶³çš„ï¼Œæœ‰æƒ³è±¡åŠ›ï¼ˆä¾¿æºå®žéªŒå¤§æ¥¼ã€å˜ç€æ‰“æ–—é£™è½¦è¿½é€ç­‰ï¼‰ï¼Œä¹Ÿæœ‰ç¬‘ç‚¹ï¼ˆè¦æ—¶åˆ»ä¿æŒä¸åœ¨åœºè¯æ˜Žã€ç«é€Ÿé£žå¥”å›žå®¶ï¼‰ï¼Œè¿·ä½ èŒ&å¤§åªèŒã€‚å€’æ²¡è§‰å¾—èšäººè¿™è¯ç—¨æœ‰å°èœ˜è››ä¸€åŠå¯çˆ±ï¼Œä¸»è¦è¿˜æ˜¯ä¿ç½—è·¯å¾·å–œå‰§æ„Ÿä¸€èˆ¬ï¼Œè¿˜ä¸å¦‚çœ‹é“æ ¼æ‹‰æ–¯ã€è²ä»€ä¼¯æ©å’Œç±³æ­‡å°”éžä½›å¯¹æˆç²¾å½©ã€‚
130,è…ç‹¸,6,è¿˜è¡Œ,å½©è›‹ç¬‘æ­»æˆ‘äº†å“ˆå“ˆå“ˆç­éœ¸è¿™ç†Šå­©å­
131,å®…æ‹¾å,2,æŽ¨è,ç‰¹æ•ˆä¸€è´¯ç”¨å¿ƒï¼Œå˜å¤§å˜å°éšå¿ƒæ‰€æ¬²ï¼Œå¾ˆæœ‰è¶£ï¼Œæ•…äº‹çš„æœ€åŽé»„èœ‚å¥³ä¸€å®¶ä¸‰å£æ¶ˆå¤±äº†ï¼Œåˆå’Œå¤è”3è¿žä¸Šäº†ã€‚
132,å‘æ¡æ©™,3,æŽ¨è,å“ˆå“ˆå“ˆå“ˆæžœç„¶å®¶åº­ç‰‡çš„ç¬‘ç‚¹æˆ‘æ¯”è¾ƒèƒ½æ‡‚ã€‚paulå“¥å“¥çš„çœ¼ç›å¤ªè¿·äººæˆ‘æ˜¯ä»–çš„è¿·é˜¿å§¨ã€‚
133,ä½•å°æ²,1,æŽ¨è,æƒ…èŠ‚ã€äººç‰©çš„ç¹å¤šå…¨æ— å¿…è¦ï¼Œé‡å­ä¸–ç•Œæƒ³è±¡åŠ›ä¹‹å·®ä»¤äººå‘æŒ‡ï¼Œä½†æ ¸å¿ƒçš„è¶…èƒ½åŠ›å‘ˆçŽ°ä¹‹è¶£å‘³æ€§åœ¨è¶…çº§è‹±é›„ç‰‡é‡Œç»§ç»­ç‹¬ä¸€æ¡£ï¼Œæ‰€ä»¥æ‰æœ‰åº•æ°”åœ¨æ¹¾åŒºæ‹è¿½è½¦æˆè‡´æ•¬å‰è¾ˆç»å…¸ã€‚å¾®è§‚å®‡å®™ç‰‡å°¾å­—å¹•å¤§äº®ã€‚
134,ä½ çš„æ¸©æŸ”åƒç¾½æ¯›,4,æŽ¨è,å¥½çŽ©æœ‰æ„æ€ï¼å¥½çœ‹å¥½çœ‹ï¼
135,éœ²å’ªäºš,5,æŽ¨è,å‘æ‰¬äº†ç¬¬ä¸€éƒ¨æ‰€æœ‰çš„ä¼˜ç‚¹ã€‚ç¬‘æ–™ã€åˆ›æ„ç‚¹ã€åŠ¨ä½œè®¾è®¡ã€ç³»åˆ—ä½œä¹‹é—´çš„äº’åŠ¨éƒ½å¾ˆå–œæ¬¢ã€‚é‡å­é¢†åŸŸçš„è§†è§‰å¥‡è§‚ä¾æ—§è®©äººç€è¿·ï¼ˆç£•åˆ°é£žä¹Ÿçœ‹ä¸åˆ°çš„ç¾Žæ™¯ï¼‰ï¼Œè€Œä¸”å®Œå…¨æ²¡æ–™åˆ°ä¼šåœ¨å¤§é“¶å¹•ä¸Šçœ‹åˆ°æ°´ç†Šè™«ã€‚ç¬¬ä¸‰éƒ¨çš„å‘å±•æ–¹å‘å¯æƒ³è€ŒçŸ¥ï¼Œä¸€åœºé‡å­ï¼ˆä½ å¿…é¡»åœ¨ä»»ä½•ä¸œè¥¿ä¹‹å‰éƒ½åŠ é‡å­ä¸¤ä¸ªå­—ï¼‰å¤§æˆ˜è“„åŠ¿å¾…å‘å˜›ã€‚ä¸»ç¼–å’ŒçŒ«å¥³DCä¸‹å²—å†å°±ä¸šã€‚
136,kathleen9,1,æŽ¨è,å…¨ç¨‹å¤„äºŽå“ˆå“ˆå“ˆå“ˆå“ˆå“ˆå“ˆä»€ä¹ˆé¬¼å“ˆå“ˆå“ˆå“ˆå“ˆå“ˆå“ˆè¿™ä¹Ÿå¤ªå¥½ç¬‘äº†å§å“ˆå“ˆå“ˆå“ˆä¸ºä»€ä¹ˆæ¯”ç¬¬ä¸€éƒ¨å¥½ç¬‘é‚£ä¹ˆå¤šå“ˆå“ˆå“ˆå“ˆå“ˆå“ˆå“ˆå“ˆå“ˆå“ˆå“ˆèšäººå’Œèœ˜è››ä¾ æ¥ä¸ªRap Battleåˆ°åº•è°ä¼šèµ¢å“ˆå“ˆå“ˆå“ˆå“ˆå“ˆå“ˆä¸ºä»€ä¹ˆé‚£ä¹ˆæ¼‚äº®çš„å¦ˆå¦ˆä¼šç”Ÿå‡ºé‚£ä¹ˆâ€œå¹³å‡¡â€çš„å¥³å„¿å“ˆå“ˆå“ˆå“ˆå“ˆä¸¤ä»£èšäººè²Œä¼¼CPæƒ…æ›´å¥½å—‘å•Šâ€¦â€¦å§æ§½ä¸ºä»€ä¹ˆæœ€åŽè¿˜è¦æ¥ä¸ªâ€œç°åŒ–è‚¥åŒ–ç°ä¼šå‘é»‘â€çž¬é—´å“­æˆç‹—ï¼
137,æ±½è½¦å¤§å¸ˆ,2,è¿˜è¡Œ,çœ‹åˆ°ç¬¬ä¸€ä¸ªå½©è›‹æ‰æ˜Žç™½ï¼Œå°±æ˜¯ä¸€ä¸ªä¸ºäº†è§£é‡Šå¤è”ä¸‰å‘ç”Ÿçš„æ—¶å€™èšäººåœ¨å¹²ä»€ä¹ˆè€Œå¯¹ä»˜å‡ºæ¥çš„æ•…äº‹ï¼Œä¸è¿‡ä¹Ÿå¤ªå¯¹ä»˜äº†ï¼Œæ‰¾å¦ˆçš„æ•…äº‹ä¸€ç‚¹éƒ½ä¸å¸å¼•äººï¼Œè¿žä¸ªåƒæ ·çš„åæ´¾éƒ½æ²¡æœ‰ã€‚æœ¬æ¥å¾ˆå–œæ¬¢ç¬¬ä¸€éƒ¨çš„â€¦â€¦
138,Rekå¤§å”,4,æŽ¨è,ä¸é”™åˆä¸€éƒ¨è¶…çº§è‹±é›„ï¼Œå°±å–œæ¬¢è¿™ç§æƒŠé™©åˆºæ¿€çš„ç§‘å¹»ç‰‡
139,æ—§ä¹¦å›,5,è¿˜è¡Œ,é¸¡è‚‹
140,æŽå°ä¸¢,1,æŽ¨è,3.5ã€‚
141,éº»ç»³,3,è¾ƒå·®,æ„Ÿè§‰å¥½æ— èŠå•Š
142,ä¸ƒä¸ƒ,6,è¿˜è¡Œ,æ¬¢è¿Žæ”¶çœ‹æœ¬æœŸã€Šèµ°è¿‘ç§‘å­¦ã€‹ï¼Œã€Šé‡å­ä¸–ç•Œé‡Œçš„é¬¼é­‚ä¸Žé™„ä½“ã€‹ã€‚
143,Xaviera,1,æŽ¨è,é£Žç«è½®ã€Hello Kittyã€ç»“æŸæ—¶ç‰‡å°¾çš„äººå¶æ¨¡åž‹ä»¥åŠå¤çµç²¾æ€ªçš„å°å¥³å­©ï¼Œè¿™å¯èƒ½æ˜¯æ¼«å¨æœ€å„¿ç«¥å‘æœ€familyåˆå®¶æ¬¢çš„ä¸€éƒ¨äº†ã€‚
144,é™†æ”¯ç¾½,3,è¿˜è¡Œ,"æ•…äº‹å’Œæƒ…èŠ‚å…¶å®žéƒ½æ¯”è¾ƒå¼±ï¼Œè·Ÿã€Šé’¢é“ä¾ ã€‹ã€Šç¾Žé˜Ÿã€‹æ¯”ç®€ç›´å°±æ˜¯èŒ¶æ¯é‡Œçš„é£Žæ³¢ï¼Œä½†ç‰‡å­çš„å®Œæˆåº¦è¿˜æ˜¯æŒºé«˜çš„ï¼ŒåŠ¨ä½œã€åœºé¢ã€ç¬‘æ–™éƒ½æŒºå‡ºå½©ï¼Œç”Ÿç”Ÿé åˆ¶ä½œæŠŠä¸ªäºŒçº¿è‹±é›„Bçº§æ•…äº‹ç»™æžå¤§äº†â€¦â€¦è¿™æ­£æ˜¯çŽ°åœ¨æ¼«å¨æœ€åŽ‰å®³çš„åœ°æ–¹ã€‚æ¢å¥è¯å°±æ˜¯â€œæ¸¸åˆƒæœ‰ä½™â€â€”â€”å¯¹æ¯”DCä¹‹å‰ä½œå“çš„â€œåŠ¨è¾„å¾—å’Žâ€ï¼æœŸå¾…ã€Šæµ·çŽ‹ã€‹èƒ½å†ç»™DCæ‰“ä¸ªç¿»èº«ä»—å§ã€‚

å½±ç‰‡é‡Œå˜å¤§å˜å°çš„æ‰“æ³•æ‰“ç ´äº†ä¹‹å‰æ¼«å¨ç”µå½±é‡Œâ€œä¸ƒé¾™ç â€å¼çš„å‘å¤§æ‹›æ–—ç‹ æ¨¡å¼ï¼ˆã€Šå¥‡å¼‚åšå£«ã€‹è¿™æ–¹é¢ä¹Ÿä¸é”™ï¼‰ï¼Œçœ‹å¾—å‡ºåœ¨ç»†èŠ‚å’ŒåŠ¨ä½œã€åœºé¢ä¸Šæ¼«å¨è¿˜æ˜¯åœ¨ä¸‹åŠŸå¤«çš„ã€‚ä½†ä¸‹é¢èƒ½ä¸èƒ½ç»§ç»­æŽ¨å‡ºåƒã€Šç¾Žé˜Ÿ2ã€‹å¼çš„æœ‰åˆ†é‡çš„ç‰‡å­ï¼Œç”šè‡³åƒè¯ºå…°ã€Šé»‘æš—éª‘å£«ã€‹é‚£æ ·é‡é‡çº§çš„ä½œå“ï¼Œè¿˜æ˜¯ä¸ªé—®é¢˜ã€‚æ¯•ç«Ÿèµ°ã€Šé“¶æŠ¤ã€‹ã€Šèšäººã€‹ã€Šæ­»ä¾ã€‹è¿™æ ·æžç¬‘é€—æ¯”è·¯å­çš„è¶…çº§è‹±é›„ç”µå½±å·²ç»æœ‰è¶Šæ¥è¶Šå¤šï¼Œè²Œä¼¼å°†æ³›æ»¥çš„è¶‹åŠ¿äº†ã€‚

ä½œä¸ºä¸€ä¸ªè½»æ¾è§£é—·çš„ç‰‡å­ï¼Œè¿˜æ˜¯ä¸é”™çš„ï¼Œé™¤æ­¤ä¹‹å¤–ä¹Ÿæ²¡å•¥åš¼å¤´äº†ã€‚"
145,Lucifer,0,è¿˜è¡Œ,åœ¨æƒ³è±¡åŠ›ä¸Žåæ´¾è‰²å¡‘é€ ä¸Šï¼Œéƒ½å®Œå…¨ä¸å¦‚ç¬¬ä¸€éƒ¨ã€‚å‰§æƒ…ä¸å¤Ÿï¼Œåªèƒ½å–œå‰§æ¥å‡‘äº†ï¼Œé‚£äº›æ’ç§‘æ‰“è¯¨çš„æ¡¥æ®µåœ¨ç”µå½±é™¢é‡Œå€’æ˜¯å¾ˆæœ‰å¨±ä¹æ€§ï¼Œå°¤å…¶æ˜¯é‚£ä¸ªå·®ä¸å¤šæ˜¯15å¹´å‰çš„whats upå•¤é…’å¹¿å‘Šæ¢—ï¼Œå¤ªå¤å¤äº†å¥½å—ï¼
146,æ…•å®¹ä¸ƒ,0,è¿˜è¡Œ,FBIè­¦é•¿çœŸçš„ä¸æ˜¯å¹´è½»æ—¶å€™çš„ä¾¯å­è´¤ï¼Ÿ
147,Rosicky,3,è¿˜è¡Œ,å¤§ä¸ˆå¤«èƒ½å±ˆèƒ½ä¼¸ï¼Œèƒ½å¤§èƒ½å°
148,CyberKnightç”µå­éª‘å£«,2,è¿˜è¡Œ,ç»ˆç»“è€…ã€å›žåˆ°æœªæ¥ã€ä¸å¯æ€è®®æ”¶ç¼©äººâ€¦â€¦ä¹‹æ‰€ä»¥æˆä¸ºåŒé“ç»å…¸ï¼Œå°±åœ¨äºŽå®ƒä»¬åªæŠŠå¯¹æ—¶é—´ç©ºé—´çš„æ“å¼„å½“ä½œæ•…äº‹çš„èƒŒæ™¯æˆ–å…¥å£ï¼Œä¸€æ—¦ç©¿è¶Šç¼©æ”¾ä¹‹åŽï¼Œå°±è¦å°½é‡ä½¿ä¸»äººå…¬å®Œæ•´å­˜åœ¨ä¸Žå½“ä¸‹æ—¶ç©ºä¹‹å†…ï¼Œå…¨ç¨‹å‚ä¸Žå„ç§çŸ›ç›¾å†²çªï¼Œç›´åˆ°ç»“å°¾å¤„é«˜æ½®å¤„æ ¹æ®å™äº‹éœ€è¦ï¼Œæˆ–æˆåŠŸè„±ç¦»ï¼Œæˆ–å®¢æ­»ä»–ä¹¡ï¼Œè¿™æ ·è§‚ä¼—æ‰èƒ½ä¿æŒç¨³å®šæŒç»­çš„ç§»æƒ…ä¸Žå…³æ³¨ï¼Œè€Œå¦‚æžœä½ æŠŠå®ƒå‡çº§ä¸ºå‰§æƒ…ä¸­ä»»ä½•æ—¶æ®µçš†å¯ç¥­å‡ºæ—¶ç©ºé—¨åå¤ç©¿è¶Šã€éšå¿ƒæ‰€æ¬²åœ°å˜åŒ–å¤§å°ï¼Œè¿™æ•…äº‹éš¾å…å¥”ç€ä¸å¿…å½“çœŸè¡ŒåŒå„¿æˆçš„è½»é£˜æ„Ÿè§‰åŽ»äº†ï¼Œå¯ä½ çš„ä¸»é¢˜å’Œè§’å¡‘åååˆç‰¹åˆ«æƒ³è®©è§‚ä¼—èžå…¥æ„ŸåŠ¨ï¼Œç»“æžœé€ æˆäº†æ›´å¤§çš„è¿å’Œæ„Ÿã€‚
149,å“å®¢,1,è¾ƒå·®,çœ‹èšäºº1çš„æƒŠè‰³ï¼Œåˆ°äº†èšäºº2ï¼Œå°±å˜æˆæƒŠå“äº†ã€‚æ— èŠæ‰£ä¸€æ˜Ÿï¼Œå¥—è·¯æ‰£ä¸€æ˜Ÿï¼Œæ¼«å¨çš„ä¸æ€è¿›å–ï¼Œå†æ‰£ä¸€æ˜Ÿã€‚
150,æŠŠå™—,1,æŽ¨è,å˜´ç‚®ç¬‘ç‚¹æŒºå¤šï¼Œæ¼«å¨ç²‰ä»¬è¿˜ä»¥ä¸ºèƒ½è¿™æ ·è½»æ¾æ¬¢å¿«çš„å¼¥è¡¥ä¸€ä¸‹å¦‡è”3çš„åˆ›ä¼¤ï¼Œç»“æžœå½©è›‹ä¸€å‡ºâ€¦è¿™æ˜¯è¦æŠŠä¼¤å£æ‘åœ¨åœ°ä¸Šç–¯ç‹‚æ‘©æ“¦çš„æ„æ€ï¼Ÿ
151,æ°´æµ’ä¸‰å›½é‡‘åˆš,1,è¿˜è¡Œ,ã€Šèšäººã€‹è¿™ä¸ªç³»åˆ—æœ€å¤§çš„çœ‹ç‚¹å°±æ˜¯å®ƒçš„ç©ºé—´æ€§ï¼Œä¸ŽçŽ°å®žç»éªŒé”™ä½çš„å¤§ä¸Žå°çš„å·®å¼‚åŒ–å‘ˆçŽ°ï¼Œè¿™ç±»è§†è§‰å¥‡è§‚éœ€è¦å¾ˆå¼ºçš„æƒ³è±¡åŠ›ï¼Œå±•çŽ°å‡ºæ¥åŽåˆä¼šå¸¦æœ‰å¹½é»˜æ„Ÿã€‚æ‰€ä»¥è¿™ä¸ªç³»åˆ—ä¹Ÿä¸€ç›´è¢«å¤„ç†ä¸ºå–œå‰§ã€‚ä»Žå–œå‰§è§’åº¦çœ‹ï¼Œç¬‘æ–™å†™å¾—ä¹Ÿæ¯”è¾ƒè‡ªç„¶ï¼Œå‰åŽç…§åº”ï¼ŒæŠ–åŒ…è¢±æœ‰è€å¿ƒã€‚åœ¨ä¸–ç•Œè§‚ä¸Šï¼ŒçœŸçš„æ˜¯æ²¡å•¥æƒ³æ³•äº†ã€‚
152,èµ±é¦¬è§€â™£,0,è¿˜è¡Œ,ç¬‘ç‚¹è›®å¤šï¼ŒèŠ‚å¥å¼ å¼›æœ‰åº¦ï¼Œä¸‰ä»£äººçš„ä¼ æ‰¿ä¹Ÿè®²äº†ï¼Œä¸¤å°æ—¶æ‰“æ‰“é—¹é—¹åŽç»ˆäºŽè¿Žæ¥æ­£ç‰‡ã€‚å‰§æœ¬æœ‰ç‚¹æ°´ï¼Œèšäººå’Œé»„èœ‚å¥³çš„æŠ€èƒ½æƒ³è±¡åŠ›ä¹Ÿåœç•™åœ¨ä¸Šä¸€éƒ¨ï¼Œæ²¡å•¥æ–°æ„ï¼Œå°±è¿žé‡å­é¢†åŸŸçš„è§†è§‰å±•ç¤ºæˆ‘éƒ½æ„Ÿè§‰å¯ä»¥æŠŠå¥‡å¼‚åšå£«çš„ç‰‡æ®µæ‹¿æ¥ç”¨
153,æ— è€»ä¸æ··è›‹,0,è¿˜è¡Œ,é‡å­é¢†åŸŸåº”è¯¥å†fantasyä¸€ç‚¹å•Šï¼Œæ—¶é—´å‘¢ï¼Œç©ºé—´å‘¢ã€‚
154,å”å”,1,è¿˜è¡Œ,èµ¤è£¸è£¸çš„â€œå¤è”3åˆ°å¤è”4ä¹‹é—´æ²¡å¤ªå¤šå¯æ‹çš„ä½†æ˜¯æˆ‘ä»¬è¿˜æ˜¯å†³å®šå¡žä¸€éƒ¨ç‰‡å­è¿›æ¥â€
155,è¿‡æ°´é£Ž,1,æŽ¨è,å¤è”3è™å“­ä¼—äººä¹‹åŽï¼Œå†å–‚é¢—ç³–é€—ä½ å¼€å¿ƒã€‚ä¸¤ç»„åæ´¾éƒ½å¾ˆå¼±ï¼Œå˜å¤§å˜å°çš„è¶…èƒ½åŠ›çŽ©å¾—éžå¸¸6â€¦çœ‹ç€çˆ½å°±å¤Ÿå•¦ã€‚
156,Ricky925,1,æŽ¨è,è¡—åŒºè‹±é›„ï¼Œå½“å¥½çˆ¹å†æ•‘ä¸–ç•Œ
157,ä¸‡æˆ·,2,è¿˜è¡Œ,åœ¨é‡å­ç‰©ç†æ™®åŠçš„ä»Šå¤©ï¼Œç”µå½±ä¸­å¾ˆå¤šè®¾è®¡æ˜¾å¾—å¼‚å¸¸å°´å°¬ï¼Œæ ¹æœ¬æ— æ³•è‡ªåœ†å…¶è¯´ï¼Œæ•´éƒ¨ç”µå½±è¯´æ˜¯ç§‘å¹»ç‰‡ï¼Œå…¶å®žåº”è¯¥å½’ç±»åˆ°å–œå‰§ç‰‡ï¼Œå°±æ˜¯ç»“å°¾è¿˜æœ‰ç‚¹æ„æ€ï¼Œè·Ÿå¤è”çš„ç»“å°¾è¿žä¸Šäº†ã€‚é‚£è€å¤ªå¤ªçš„æ•´ä¸ªè®¾è®¡æžåº¦å°´å°¬~~~
158,é¬¼è…³ä¸ƒ,2,è¿˜è¡Œ,åçœŸå‰‚å¯ç¬‘æ­»æˆ‘äº†
159,æ”¾å¼€é‚£ä¸ªæµªå‘³ä»™,0,æŽ¨è,ç¬‘æ–™è‡ªç„¶åˆå¾ˆå¥½ç¬‘ï¼Œæ‰“æ–—ä¹Ÿç²¾å½©ï¼Œç‰¹æ•ˆæ„Ÿäººï¼Œå¾ˆæœ‰ç‰¹è‰²ï¼Œå½©è›‹æ‰¿æŽ¥ã€Šå¤ä»‡è€…è”ç›Ÿ3ã€‹ï¼Œè€å°‘çš†å®œ
160,glim,0,æŽ¨è,èšäººå’Œé»„èœ‚å¥³å°†ä¼šå›žå½’...å—ï¼Ÿ
161,å‡›å†½çš„é˜³å…‰,0,è¿˜è¡Œ,çœ‹æ¼«å¨å¿…ç¡ç€ æ‰“å¾—è¶Šæ¿€çƒˆç¡çš„è¶Šæ­»é‚£ç§
162,çˆ†ç±³èŠ±æ•™ä¸»,0,è¿˜è¡Œ,å¿½å¤§å¿½å°çš„æ‰“æ–—åœºé¢è¿˜æ˜¯æŒºæœ‰æ„æ€ï¼Œç¬‘è¯åˆ™æœ‰ç‚¹å¹³åº¸äº†ï¼Œä¸è¿‡è¢«æµ·é¸¥å¼èµ°é‚£æ®µè¿˜æ˜¯è¢«é€—ä¹äº†ã€‚
163,å¥³ç¥žçš„ç§‹è£¤,2,è¾ƒå·®,å¤¹åœ¨å¤è”3å’Œå¤è”4ä¸¤ä¸ªå¤§éƒ¨å¤´ä¹‹é—´ï¼Œå¯èƒ½æ¼«å¨è‡ªå·±ä¹Ÿæ²¡æœ‰æŠŠè¿™éƒ¨ã€Šèšäºº2ã€‹å¤ªæ”¾åœ¨å¿ƒä¸Šå§ã€‚ç›¸æ¯”ç¬¬ä¸€éƒ¨æ²¡æœ‰ä»»ä½•è¿›æ­¥ï¼Œä¸ç–¼ä¸ç—’çš„ç¬‘æ–™ï¼Œæ¯«æ— å­˜åœ¨æ„Ÿçš„åæ´¾ï¼Œå®Œå…¨ç™½çžŽè®¾å®šçš„é‡å­ä¸–ç•Œå±•å¼€ï¼Œä»¥åŠï¼Œèšäººåº”è¯¥æ˜¯å²ä¸Šæœ€æ²¡æœ‰è¿½æ±‚çš„è¶…çº§è‹±é›„äº†å§ï¼Œäººç‰©åŠ¨æœºå®Œå…¨ä¸ºé›¶ã€‚å¦å¤–ï¼Œè¯´å¥½çš„ç¬¬ä¸€éƒ¨æ¼«å¨çˆ±æƒ…ç”µå½±å‘¢ï¼Ÿ
164,ä¸§çš®å£«,4,è¿˜è¡Œ,ä¸­è§„ä¸­çŸ©æ— æƒŠå–œï¼Œå¤ªå¤šé…è§’ç”¨æ¥ç‚¹ç¼€ç¬‘ç‚¹ï¼Œè§£é‡Šå¤è”3èšäººç¼ºå¸­åŽŸå› çš„å½©è›‹1åè€Œæ¯”æ­£ç‰‡æ›´å¥½çœ‹ã€‚
165,ä¸´ç­”,1,è¿˜è¡Œ,ç¬¬ä¸€ä¸ªå½©è›‹å¤ªé«˜èƒ½ï¼Œç¬¬äºŒä¸ªå½©è›‹èµ¶æ—¶é—´çš„è¯å¯ä»¥ä¸çœ‹ã€‚å¾ˆå¯çˆ±çš„å®¶åº­å–œå‰§ï¼Œä½†æ•´ä½“ä¸å¦‚ä¸Šä¸€éƒ¨ã€‚
166,mOco,0,è¿˜è¡Œ,3.5ã€‚æ¼«å¨ä½œå“åºåˆ—ä¸­ï¼Œç¬‘æ–™æŠ–å¾—æœ€å¥½çš„ä¸€éƒ¨ã€‚
167,æ­£ä¹‰Bèƒœ,2,è¿˜è¡Œ,æ‡’å¾—çœ‹åˆ°æˆ‘å¤§ä¸‰ç•ªå–å¤–æ™¯çš„å¤§ç‰‡å•Šï¼Œæœ€åŽçš„car chaseçœŸæ˜¯å–œæ„Ÿå¤šäºŽç´§å¼ æ„Ÿï¼Œæœ¬æ¥ä¸€éƒ¨ä¸­è§„ä¸­çŸ©è½»æ¾æ— è„‘çš„å–œå‰§æœ€åŽéžå¾—æžä¸ªç­éœ¸å“æŒ‡çš„èœå•ï¼Œç±³è€é¼ ä¸ºäº†å¼ºè¡Œè§£é‡Šå‰§æƒ…æ˜¯ä¸æ˜¯æœ‰ç‚¹é€—æ¯”
168,è€ç½—Lazzaro,3,æŽ¨è,å¥½çœ‹æ˜¯å¥½çœ‹ï¼Œä½†ç¾Žå¥³ä»¬éƒ½è€äº†ç‚¹ã€‚
169,çª¥çª—æ¡ƒæž,2,è¿˜è¡Œ,å…¶å®žæœ‰ç‚¹å¤±æœ›ã€‚æ¯”ç¾Žå›½æ™šä¸Šæ˜ ï¼Œé‡Œé¢å¥½å¤šäº®ç‚¹éƒ½æ—©å°±æ”¾å‡ºäº†
170,æ¸¡å£æ— è¾¹,1,è¿˜è¡Œ,ä¹Ÿè®¸æ˜¯å› ä¸ºåœ¨ç”µå½±é™¢çœ‹ï¼Œæ¯”ç¬¬ä¸€éƒ¨çš„è§‚æ„Ÿå¥½å¾ˆå¤š
171,kulilin,0,è¿˜è¡Œ,ä¸€èˆ¬ã€‚å‰§æœ¬æœ‰ç§ã€åæ´¾å¹¶ä¸å…¨æ¶ è‹±é›„äº¦éžæ­£å–„ã€‘çš„è¿å’Œæ„Ÿ å’Œä¸Šä¸€é›†æ¯”èµ·æ¥ æ— è®ºæ˜¯3Dç‰¹æ•ˆè¿˜æ˜¯ç¬‘ç‚¹å¯†é›†åº¦éƒ½æœ‰å¤§è¶‹åŠ¿ä¸‹é™â€”â€”å½“ç„¶å¦‚æžœä½ è¯´åªæ˜¯ç»™å¦‡è”è¿‡åº¦ä¸€ä¸‹é‚£å€’æ²¡é—®é¢˜ã€‚å¦å¤– èšäººåœ¨æ¼«å¨é‡Œçš„äººæ°”å®žåœ¨æ˜¯ä¸é«˜ ä½ å´è¿˜è¦ç»™ä»–æ­é…å‡ºè¶…é«˜èƒ½çš„ç§‘æŠ€çŸ¥è¯†ä½œç»¿å¶ é™¤äº†æŠŠè§‚ä¼—å”¬çš„ä¸€æ„£ä¸€æ„£ä¹‹å¤–å°±æ˜¯è®©äººæ¢¦æ¸¸èˆ¬å‡ºæˆäº†ã€‚ä¸»è§’é¢œå€¼è¢«å¦ˆå¦ˆ å°å¥³å­©è¿˜æœ‰å¹½çµç»™ç§’äº† æˆ‘è¿˜ä¸€åº¦å‚¬çœ è‡ªå·±è¯´çœŸæ­£çš„é»„èœ‚å¥³æ˜¯å¦ˆå¦ˆä¸æ˜¯éœæ™®ä¸è¦æ˜¯éœæ™®â€¦
172,è¯¢é—®å‰å‡¶,1,è¿˜è¡Œ,åªæœ‰ç¬¬ä¸€ä¸ªå½©è›‹æœ‰ç”¨ï¼Œå‰é¢è¶…æ— èŠã€‚æœ€æ¿€åŠ¨çš„æ˜¯çœ‹åˆ°äº†ucbæ ¡é—¨å’Œæ¸”äººç å¤´ï¼Œå¥½æ€€å¿µã€‚
173,bugz,0,æŽ¨è,ä¸ªäººè®¤ä¸ºã€Šèšäºº2ã€‹çš„ç»å¦™ä¹‹å¤„åœ¨äºŽå¹¶æ²¡æœ‰åƒå…¶ä»–MCUä½œå“å¼ºè°ƒä¸»è§’ä¸ªäººçš„åˆ†é‡ï¼Œè€Œæ˜¯é¡ºåˆ©å®Œæˆç›®å‰MCUå®‡å®™é‡Œå”¯ä¸€ä¸€ä¸ªä¸¤ä»£è‹±é›„åŒå±ä½œæˆ˜ï¼Œå¹¶å°†â€œåæ´¾â€èº«ä»½ä¸ºMCUå®‡å®™ä¸‹ä¸€é˜¶æ®µç•™ä¸‹å¾ˆå¤šæ”¯çº¿ã€‚è¿™ä¸€æ¬¡â€œèšäººå’Œé»„èœ‚å¥³å³å°†å›žå½’â€å¯æ˜¯ä¸€æ¬¡æ€§å›žå½’4äººå“Ÿï¼Œåœ¨æ•´ä¸ªMCUå®‡å®™çš„æ‰¿ä¸Šå¯ä¸‹ä½œç”¨å¯èƒ½ä¸è¾“ã€Šç¾Žé˜Ÿ3ã€‹ã€‚
174,fire,0,è¿˜è¡Œ,å°±è¿˜æŒºå¥½ç¬‘çš„å—¯
175,å›¢å°çº¸,0,è¿˜è¡Œ,æŒ‰ç…§ç¬‘æžœåº”è¯¥åå«Paul Rudd & Michael Penaã€‚ç™½å‘è²ä½›å„¿å¥½æœ‰å‘³é“ã€‚å¤§å°å˜èº«çš„è¿½è½¦æ‰“æ–—å¥‡è§‚å¥½çœ‹ã€‚
176,èƒ¡æ±‰ä¸‰_,1,æŽ¨è,ä¸€ä¸ªæ¸©æš–çš„ç»“å±€ï¼Œä½†æ˜¯å½©è›‹æœ‰ç‚¹åå™¢ã€‚
177,åˆåˆ,4,æŽ¨è,èšäººè¯´ä»–çš„æ¢¦so realçš„æ—¶å€™å°±æƒ³ç»™ç¼–å‰§å¯„åˆ€ç‰‡äº†ï¼Œç­‰å½©è›‹1çš„æœ€åŽä¸€ä¸ªé•œå¤´å‡ºæ¥æ‰å‘çŽ°å¯„æ—©äº†â€”â€”ç¬¬ä¸€æ¬¡è§è¯†æ•´ä¸ªå½±åŽ…æ•´é½åˆ’ä¸€çš„WTFï¼æ¯”èµ·å¦‡è”3ç»“å°¾çš„æ­¤èµ·å½¼ä¼ï¼Œè¿™ç§å¼‚å£åŒå£°çš„æ•ˆæžœè¿˜æ˜¯æ›´å£®è§‚ã€‚å‰§æƒ…éžå¸¸ä¸è¶…è‹±ï¼Œæ­£æ´¾åªæƒ³æ‰¾å¦ˆå¦ˆï¼Œåæ´¾åªæƒ³ç»™è‡ªå·±ç»­å‘½ï¼Œå¦ä¸€åæ´¾åªæƒ³æžç¬‘ï¼Œè·Ÿæ•‘å›½æ•‘æ°‘åŠç‚¹å…³ç³»æ²¡æœ‰ï¼Œä¸æ•‘å°±ç®—äº†ï¼Œè¿˜ç»™äººæ°‘æ·»å„ç§éº»çƒ¦ï¼Œå„ç§ç ´åå…¬å…±å’Œç§äººè´¢ç‰©ï¼ˆæ­¤å¤„å¿ƒç–¼æ–¯å¦æŽ3ç§’ï¼‰ï¼Œå¯ä»¥è¯´æ˜¯æœ€ä¸è®©äººçœå¿ƒçš„manäº†ã€‚åŽ»é‡å­ä¸–ç•Œèµ°ä¸€è¶Ÿï¼Œä¸€è¾¹è·Ÿç‰©è´¨ä¸–ç•Œä¸€æ ·å˜è€ï¼Œä¸€è¾¹åˆå¸æ”¶æ—¥æœˆç²¾åŽå˜æˆç‚¹çµæˆç²¾çš„ç¥žæ£ï¼Œå¯æ˜¯æœ€ç»ˆå´é€ƒä¸è¿‡å’©éœ¸çš„å“æŒ‡ï¼Œé‡å­ä¸–ç•Œçš„è®¾å®šæžœçœŸå’Œè–›å®šè°”çš„çŒ«ä¸€æ ·ä¸ç¨³å®šå•Šã€‚
178,ç”Ÿäººå›žé¿,0,æŽ¨è,ç¬‘ç‚¹è¶…ä½Žæˆ‘æœ¬äººï¼Œå¤ä¹ äº†ä¸€ç‚¹å¦‡è”ï¼Œè¿˜è¡Œå§ã€‚ä¸Šæ¬¡çœ‹å¦‡è”å¥½åƒæ²¡æœ‰STUD10è¿™ä¸ªLOGOï¼Ÿ
179,èŠ±è½®å›,0,è¿˜è¡Œ,ä¸åŠŸä¸è¿‡ï¼Œå‘å±•åˆ°æœ€åŽæ„Ÿè§‰ä¸æ˜¯ç§‘æŠ€éƒ½æœ‰ç‚¹ç§‘å¹»äº†ï¼Œè´¨å˜ä½“å¤§æˆ˜ç›¸å˜ä½“æ‹çš„æœ‰ç‚¹ä¸å¤ªè¿‡ç˜¾ï¼Œé…è§’ä»¬éƒ½å¾ˆå¥½ç¬‘ï¼Œåˆæœ‰ä¸¤ä¸ªæ¨ªè·¨æ¼«å¨DCçš„æ¼”å‘˜å•¦~ç±³æ­‡å°”è²å¼—å‡ºåœºçš„æ—¶å€™æˆ‘åŽæŽ’ä¸€ä¸ªå¥³çš„æ„Ÿå¹å¦ˆå¦ˆæ¯”å¥³å„¿ç¾Ž~ç¬¬ä¸€ä¸ªå½©è›‹ç²¾å½©ï¼Œç¬¬äºŒä¸ªå°¿æ€¥çš„è¯ä¸çœ‹ä¹Ÿç½¢ã€‚
180,ä¸æƒ³åšç¥žä»™é±¼,0,è¿˜è¡Œ,æ ¼å±€å¾ˆå°ï¼Œå‡ ä¸ªç¬‘ç‚¹ä¸é”™ï¼ŒçŒ«å¥³è¿˜æ˜¯å¾ˆæ¼‚äº®ï¼Œæ•´ä½“å¼±äº†äº›
181,å°½æ¬¢,5,è¿˜è¡Œ,"To tell the truth,æœ‰ç‚¹è€å¥—äº†ã€‚å†²ç€èœå•æœŸå¾…ä¸‹ä¸€éƒ¨å§ã€‚"
182,å‡éœœ,3,æŽ¨è,è½»æ¾åŠ æ„‰å¿«ï¼ŒéŸ³ä¹ä¹Ÿå¯çˆ±ï¼Œç‰‡å°¾å¾ˆå¥½çŽ©ï¼Œå­—å¹•èµ°å®Œè¿˜æœ‰ä¸€ä¸ªå°å°å°å½©è›‹ã€‚
183,ä»Šå¤©å¼€å§‹é—ªé—ª,2,æŽ¨è,è¿™åº”è¯¥æ˜¯ç¾Žå›½è¶…çº§è‹±é›„é‡Œé¢æœ€æžç¬‘æœ€æœ‰æƒ³è±¡åŠ›çš„è§’è‰²äº†å§ï¼
184,touya,0,æŽ¨è,åçœŸå‰‚é‚£æ®µç¬‘æ­»äº†å“ˆå“ˆå“ˆå“ˆ
185,zhang 2nd,0,è¿˜è¡Œ,æ‰¾å¦ˆå¦ˆðŸ‘©ï¼Œå¦ˆå¦ˆæ¯”è¾ƒæ¼‚äº®ä¼°è®¡è¿˜è¦æ‹å¦ˆå¦ˆçš„è¿‡åŽ»ï¼Œéš¾å¾—é“æ ¼æ‹‰æ–¯è¿™æ ·è€äº†è¿˜è¿™æ ·æ‹¼å‘½ï¼Œåº”äº†é‚£å¥ï¼šè¶Šè€è¶Šå¼¥åšå§ï¼å½©è›‹æ˜¯ä¸­äº†å“æŒ‡äº†å—ï¼Ÿ
186,å°å¥‡å–µ,2,è¿˜è¡Œ,ä¸æ•¢æƒ³è±¡è¿™éƒ¨ç”µå½±å¦‚æžœæ²¡æœ‰ä½©çº³ä¼šæœ‰å¤šæ— èŠã€‚
187,æ·±å¤œå£°å’½,1,æŽ¨è,å®žåæè®®æ¼«å¨ç»™è¿™ä½è¯ç—¨å…„å¼Ÿä¸€ä¸ªç”µå½±ç³»åˆ—ã€‚
188,Alexa,0,è¿˜è¡Œ,è¿˜å¯ä»¥ï¼Œæ²¡æœ‰ä¸Šéƒ¨å¥½çœ‹ã€‚
189,è‹¹æžœç¢³é…¸æ°´,0,è¿˜è¡Œ,æœŸå¾…ä¸‹ä¸€éƒ¨å¤æ´»ã€‚
190,ä¸Žç¢Ÿç§å¥”,0,è¿˜è¡Œ,Michael PenaçœŸçš„ä¸è€ƒè™‘è½¬è¡Œåšè°æ˜Ÿå— å°‘äº†edgarçš„æœ¬å­å·®å¥½å¤š ä¸ºäº†å’Œå‰ä½œä¿æŒè”ç³»èŠ±äº†å¾ˆå¤šç¯‡å¹…é“ºåž« è§‰å¾—æ‹–æ²“ ä½†æ˜¯åˆæ„Ÿè§‰äººç‰©åŠ¨æœºä¸é¥±æ»¡ äººç±»çœŸçš„å¾ˆéš¾è¢«æ»¡è¶³
191,viennavirus,0,æŽ¨è,åˆå®¶æ¬¢çˆ†ç±³èŠ±ç”µå½±ï¼Œå¦‡è”4è¿‡æ¸¡ç”µå½±ï¼Œå¸Œæœ›æƒŠå¥‡å¥³å£«å¥½çœ‹ç‚¹å§ï¼ï¼è·¯æ˜“æ–¯å¤ªæŠ¢æˆäº†ï¼Œèšäººå¥³å„¿ä¹ŸæŠ¢æˆï¼Œå˜æˆå¥¥ç‰¹æ›¼èšäººå’Œæ•…äº‹å­˜åœ¨æ„Ÿå¥½å¼±ï¼ï¼ï¼
192,é˜³å–µå­,3,è¿˜è¡Œ,åˆ¶ä½œæ›´ç²¾è‰¯äº†ï¼Œæ‰“æ–—æ›´å¥½çœ‹äº†ï¼Œå°è½¦å¤§è½¦é£žæ¥é£žåŽ»å¾ˆå¼€å¿ƒã€‚çœŸçš„å¾ˆæƒ³è¦é‚£ä¸ªé¥æŽ§å™¨äº†ã€‚ä»¥åŠï¼Œå¹½çµå¥³çš„æœè£…çœŸå¥½çœ‹å•Šï¼ä½†æ˜¯ï¼Œæ•…äº‹å¥½åƒæ›´ç¨€çƒ‚äº†ä¸€äº›ï¼Œæ©
193,å°æœˆ,0,å¾ˆå·®,çƒ‚ç‰‡
194,é¡¾ç›¼,4,è¿˜è¡Œ,æœ€æžç¬‘çš„åº”è¯¥å°±æ˜¯å˜´ç‚®äº†
195,ç»™æˆ‘ä¸ªç”µè¯äº­ï¼Œæˆ‘è¦æ‹¯æ•‘åœ°çƒï¼,0,æŽ¨è,1å°æ—¶40åˆ†é’Ÿè¶…é•¿é¢„å‘Šç‰‡+2åˆ†é’Ÿæ­£ç‰‡=èšäºº2ã€‚æ¼«å¨å®‡å®™é‡Œè¯ç—¨æ€»æ˜¯å¹¸è¿çš„ï¼Œå¯¹ä»˜é™¤äº†ç­éœ¸ä»¥å¤–çš„åæ´¾ï¼Œæ’ç§‘æ‰“è¯¨æœ‰æ—¶å€™æ¯”è¶…èƒ½åŠ›è¿˜ç®¡ç”¨ã€‚
196,æ¸…èˆžç¿©ç¿©,1,æŽ¨è,ä½ ä»¬æ˜¯ä»€ä¹ˆä¸œè¥¿å‰é¢éƒ½è¦åŠ é‡å­ä¸¤å­—ä¹ˆã€‚
197,è–‡ç¾…å°¼å¡,0,è¾ƒå·®,é»„èœ‚éƒ½å‡ºæ¥äº†ï¼Œè¿˜è¯´ä¸æ˜¯èšŠäºº
198,é«˜ç«¯ç”µç„Šå·¥é˜¿ä¿¡,2,è¿˜è¡Œ,ä¸é”™ï¼Œå„æ–¹é¢éƒ½ä¸é€ŠäºŽå‰ä½œï¼Œå½±é™¢è§‚å½±æ•ˆæžœä¹Ÿå¾ˆå¥½ï¼Œå¾ˆé€‚åˆå¤§è§å¹•ã€‚
199,è´å¡”å…ˆç”Ÿ,1,è¿˜è¡Œ,ä¸¤é¡¿å¤§é¤ä¹‹é—´çš„å¼€èƒƒç”œç‚¹ï¼â€¦â€¦
200,Tom,0,è¿˜è¡Œ,å™äº‹æ··ä¹±ï¼Œæ•…äº‹ä¸»æ¬¡ä¸åˆ†ã€‚å½±ç‰‡çš„é«˜ç§‘æŠ€ç‰¹æ•ˆè‡ªä¸å¿…è¯´ï¼Œä¹Ÿæ˜¯æœ¬ç‰‡å”¯ä¸€çš„å–ç‚¹ï¼Œè€Œå½±ç‰‡çš„å…¶å®ƒéƒ¨åˆ†å‡ ä¹Žä¸€æ— æ˜¯å¤„ï¼Œå°¤å…¶ç”·å¥³ä¸»è§’è´¯ç©¿å…¨ç‰‡çš„æ„Ÿæƒ…æˆä¸¥é‡æ‰°ä¹±äº†å½±ç‰‡ä¸»çº¿çš„å‘å±•ã€‚æœ¬æ¥ååˆ†å¹³åº¸è€å¥—çš„æ•…äº‹æƒ…èŠ‚å´è¿˜è¦è¢«è¿™å¯¹ç”·å¥³ä¸å’¸ä¸æ·¡çš„æ„Ÿæƒ…æˆä¸€æ¬¡æ¬¡æ‰“æ–­ã€‚å¹¶ä¸”ï¼Œå‡ ä¸ªä¸»è§’å®žåœ¨å¤ªä¸‘äº†ï¼Œä¸¥é‡å½±å“è§‚çœ‹æƒ…ç»ªã€‚è€Œå¥³ä¸»è§’çš„å¦ˆå¦ˆï¼Œç»è¿‡é‡å­ç©ºé—´å‡ åå¹´çš„å›šç¦ï¼Œé™¤äº†å¤´å‘ç™½äº†ï¼Œå®¹é¢œä¸é€€åè¿›ï¼Œå…¶åŒ–å¦†æŠ€æœ¯ç›´æŽ¥ç ¸äº†å¥½èŽ±åžç¥žåŒ–å¦†çš„æ‹›ç‰Œã€‚è¿˜æœ‰ï¼Œå¯¹è¿ˆå…‹å°”Â·é“æ ¼æ‹‰æ–¯è¶Šæ¥è¶Šåæ„Ÿï¼Œç”šè‡³è¯´ä¸å‡ºæ¥åŽŸå› ï¼Œä»Žå¹´è½»åˆ°å¹´è€ä¸€æˆä¸å˜çš„è¡¨æ¼”æ€Žä¹ˆçœ‹æ€Žä¹ˆè§‰å¾—åšä½œå¾—è¦å‘½ï¼Œçœ‹ç€ä»–çš„è¡¨æ¼”ç®€ç›´åˆ†åˆ†é’Ÿå‡ºæˆã€‚
201,å¤•é˜³,1,æŽ¨è,é€™ä¸€é›†çš„æ°‘ä¿—æ¢—æˆ‘ç«Ÿç„¶éƒ½çŸ¥é“ï¼Œæˆ‘ä»–åª½çš„å®Œè›‹äº†ã€‚
202,é›ª,0,è¿˜è¡Œ,æˆ‘æ˜¯åŽ»çœ‹ä¿ç½—Â·è·¯å¾·çš„ã€‚
203,çº¤çº¤,1,æŽ¨è,Michelle Pfeifferç¾Žåˆ°çˆ†ç‚¸ï¼ï¼ï¼ï¼Ghostçš„å‘½è¿æœ‰ç‚¹æ‚²æƒ¨ï¼Œè¢«ç¥žç›¾å±€åˆ©ç”¨çš„é­é‡æœ‰ç‚¹åƒè¢«ä¹å¤´è›‡åˆ©ç”¨çš„å†¬å…µï¼ˆæžœç„¶ç¥žç›¾å±€å’Œå—¨çˆªæ˜¯ä¸€æžšç¡¬å¸çš„ä¸¤ä¸ªé¢ï¼‰ã€‚ç¬¬ä¸€ä¸ªå½©è›‹ç®€ç›´æ˜¯ææ€–ç‰‡ï¼ï¼ï¼ï¼Evangeline Lillyè¿˜æ˜¯ä¸Šä¸€éƒ¨çš„Bobå¤´æ›´ç¾Žï¼Walton Gogginsåˆåˆåˆæ¼”åæ´¾äº†ï¼çœŸå–œæ¬¢Michael PeÃ±açš„è¯ç—¨è§’è‰²ï¼å’Œç¥žç¥žç»ç»çš„David DastmalchianåŠæ•…ä½œä¸€æœ¬æ­£ç»å˜»å“ˆé£Žçš„T.I.ç®€ç›´æ˜¯æ´»å®ä¸‰äººç»„ï¼ï¼ï¼çœŸä¸çŸ¥é“ä¸‹ä¸€æ¬¡å†çœ‹åˆ°ä»–ä»¬è”æ‰‹æ˜¯ä»€ä¹ˆæ—¶å€™ï¼
204,daangel,0,è¿˜è¡Œ,ä¸‰æ˜ŸåŠã€‚è¶£å‘³æ€§è¿˜ä¸é”™ï¼Œè¿™æ–¹é¢ç¬¦åˆé¢„æœŸï¼Œå˜å¤§å˜å°çš„ä¹è¶£ç›´æŽ¥åˆæœ‰æ•ˆã€‚ä½†æ˜¯æ•…äº‹ä¸Šç®€å•äº†äº›ï¼Œåæ´¾ä¹Ÿå¼±ã€‚æ¯ä¸ªâ€œé‡å­é¢†åŸŸâ€çš„é•œå¤´ï¼Œéƒ½æ˜¯ä¸€æ¬¡ç»ä½³çš„è§†æ•ˆä½“éªŒã€‚ç‰‡å°¾ç¬¬ä¸€ä¸ªå½©è›‹çŒä¸åŠé˜²â€¦å¤§æ„äº†ã€‚ç¬¬äºŒä¸ªå½©è›‹ï¼ˆå­—å¹•éƒ½æ»šå®ŒåŽçš„ï¼‰ä¸ç­‰ä¹Ÿç½¢ã€‚
205,æµ®å½±äººç”Ÿ,0,åŠ›è,å¤ªå¥½çœ‹äº†ï¼æƒŠå–œï¼ï¼ï¼ï¼ï¼ï¼çœ‹å®Œæ€…ç„¶è‹¥å¤±ã€‚
206,le  Chat Noir,0,è¿˜è¡Œ,ä¿æŒäº†æ¼«å¨ç”µå½±çš„ä¸€è´¯æ°´å‡†ï¼Œå¨±ä¹æ€§å’Œç¬‘æžœä¸Šéƒ½åšå¾—ä¸é”™ï¼Œä½†æ¼«å¨ç”µå½±çš„å‰§æƒ…çš„å¥—è·¯åŒ–çš„å¼Šç—…è¶Šå‘ä¸¥é‡äº†ï¼Œçœ‹ä¸åˆ°ä¸»åˆ›ä»»ä½•çš„è¿›å–ä¹‹å¿ƒå’Œåšå‡ºæ–°æ„çš„æƒ³æ³•ï¼Œå¹³æ·¡æ— å¥‡æˆ–è®¸æ˜¯å¯¹äºŽã€Šèšäººã€‹ç³»åˆ—æœ€å¥½çš„è¯„ä»·ã€‚å¯¹äºŽå·²ç»æŽ¨è¿›åˆ°äº†ç¬¬åå¹´çš„æ¼«å¨å®‡å®™æ¥è¯´ï¼Œæ²¡æœ‰æ›´æ–°é¢–çš„é£Žæ ¼ï¼Œæ‰æ˜¯æœ€å¤§çš„é€€æ­¥â€¦â€¦
207,å¸•æ‹‰å¤šå…‹æ–¯,0,è¾ƒå·®,ç›¸æ¯”å‰ä½œè„‘æ´žå¤§å¼€çš„æƒŠå–œï¼Œæœ¬ç‰‡åªèƒ½æ˜¯ä¸€è¾¹åƒè€æœ¬çŽ©æ”¾å¤§ç¼©å°å–œå‰§æ¢—ä¸€è¾¹åœ¨ã€Šå¤è”ã€‹ç³»åˆ—é‡Œèµ·åˆ°æ‰¿ä¸Šå¯ä¸‹çš„å°´å°¬ä½œç”¨ã€‚å‰§æœ¬èŠ‚å¥å°¤å…¶å·®ï¼Œç®€ç›´æ˜¯ç¾éš¾ã€‚è‹¥ä¸æ˜¯å¶å°”å˜å¤§å˜å°ã€æ’ç§‘æ‰“è¯¨è¿˜æœ‰äº›è¶£å‘³ï¼ˆæ¯”å¦‚é‚£ä¸ªHello Kittyï¼‰ï¼Œå¦åˆ™çœŸæ˜¯å¦‚åé’ˆæ¯¡éš¾ä»¥åšæŒã€‚ç¬¬ä¸€ä¸ªå½©è›‹ç¡®å®žæ˜¯ç›–è¿‡æ•´éƒ¨å½±ç‰‡çš„äº®ç‚¹æ‰€åœ¨
208,ä½•å©Šç ¸,0,è¿˜è¡Œ,è¯·å¤§å®¶åƒä¸‡åˆ«ç­‰ç¬¬äºŒä¸ªå½©è›‹ï¼Œä¸Šå›žç¾Žé˜Ÿè¿™ä¸ªéª—å­è¿˜æ˜¯æ²¡è®©æˆ‘é•¿è®°æ€§
209,å¿ƒç”Ÿ,0,æŽ¨è,wordå¦ˆç¬¬äºŒéƒ¨å±…ç„¶æ¯”ç¬¬ä¸€éƒ¨å¥½çœ‹è¿™ä¹ˆå¤šè¿™ä¸ç§‘å­¦ï¼æœ¬ä»¥ä¸ºé£Ÿæå¤§æˆ˜å·²ç»è¶³å¤Ÿç²¾å½©æ‰€ä»¥æ‰æ”¾è¿›é¢„å‘Šç‰‡ï¼Œæ²¡æƒ³åˆ°åŽé¢çš„è¿½è½¦å¤§æˆ˜æ›´æƒŠè‰³ï¼çœ‹åˆ°è·¯å¾·åœ¨å­¦æ ¡é‡Œå˜æˆå°å°äººå„¿ç”©ç€å«è¡£è¢–å­ä¸€è¹¦ä¸€è¹¦åœ°èµ°ç®€ç›´ç¬‘å‡ºçœ¼æ³ªã€‚å¥½æƒ³æœ‰ä¸ªä»™å¥³æ£’å˜å¤§å˜å°å˜æ¼‚äº®å“ˆå“ˆå“ˆï¼æœ€ç¾¡æ…•èšäººè¶…èƒ½åŠ›çš„æ—¶åˆ»æ˜¯çœ‹åˆ°ä»–ä»¬åœ¨æµ·è¾¹éšéšä¾¿ä¾¿å˜å‡ºä¸ªåˆ«å¢…...è¢«æˆ¿ç§Ÿæžç–¯æŽ‰ã®å‘†â€¦ä¸è¿‡å‰é¢æ‰€æœ‰çš„æƒ…ç»ªéƒ½è¢«ç¬¬ä¸€ä¸ªå½©è›‹åŽ‹åž®äº†â€¦è¢«æ¼«å¨å¤§ä½¬éšæ„çŽ©å¼„ï¼Œè¾“äº†è¾“äº†â€¦è¿˜æœ‰å¼€åœºæ—¶å€™ï¼Œæ¼«å¨çš„logoé‡ŒæŠŠioæ¢æˆäº†çº¢è‰²çš„10ï¼Œæ„ŸåŠ¨QAQ
210,æ‰çˆ·,0,æŽ¨è,ç‰©å“å˜å¤§å˜å°çš„æ¡¥æ®µæŒºæœ‰è¶£çš„
211,æ¬ç –ä¾ ,1,åŠ›è,è¿™ä¸€éƒ¨æ¯”ä¸Šä¸€éƒ¨æ›´ç²¾å½©ï¼
212,æ±ªé‡‘å«,1,æŽ¨è,æ¼«å¨æ‹å–œå‰§ç‰‡æ‰æ˜¯çŽ‹é“ï¼Œå“ˆå“ˆå“ˆå“ˆï¼
213,æ¢…å²­è—æ®Šæ¢…é•¿è‹,0,åŠ›è,"äºŒåˆ·æ€è€ƒåˆ°ä¸ªé—®é¢˜,ç­éœ¸å·ç§°æ‹†CPå°èƒ½æ‰‹, è¿™æ¬¡å±…ç„¶æ²¡æ‹†äº†åˆä»£èšäººè¿™å¯¹ç›®å‰æˆ‘æœ€çˆ±çš„æ¼«å¨CP, å¤§æ¦‚æ˜¯ç­éœ¸æœ€åŽä¸€ä¸æ²¡æ³¯ç­çš„è‰¯å¿ƒ?(à²¡Ï‰à²¡) åæ­£å½©è›‹æˆ‘çœ‹åˆ°åˆä»£èšäººå…¨å®¶æ•´æ•´é½é½è¢«ã€å“”ã€‘æ—¶ä¸€ç‚¹å„¿æ²¡ä¼¤å¿ƒè¯¶ðŸ˜¹ è®²çœŸåˆä»£èšäººå¤«å¦‡çœŸçš„å¤ªå¸…äº†! é“æ ¼æ‹‰æ–¯å’Œç±³æ­‡å°”å®žåŠ›æ¼”ç¤ºä»€ä¹ˆå«å¥½çœ‹çš„äººè€äº†ä¹Ÿå¥½çœ‹!"
214,å¥½å¥½åœ°,1,æŽ¨è,åæ´¾æœ‰ç‚¹å¼±ï¼Œåœºæ™¯æ¯”è¾ƒå°ï¼Œå°±åœ¨å‡ ä¸ªè¡—åŒºå†…å··æˆ˜ï¼Œä¸è¿‡ç‰¹æ•ˆã€ç¬‘ç‚¹éƒ½OKå•¦
215,æ‘©è¯ƒæ›¼ç æ²™åŽ,0,æŽ¨è,â’ˆâ€œèšäººâ€å®…åœ¨å®¶é‡Œé—²æ¥æ— äº‹å°±è¯»ä¹¦ï¼ˆã€Šæ˜Ÿè¿é‡Œçš„é”™ã€‹ï¼‰ã€å¬éŸ³ä¹æ‰“é¼“å”±æ­Œã€å­¦å˜é­”æœ¯ä»€ä¹ˆçš„ï¼Œç„¶è€Œå´æ²¡çœ‹ç”µå½±ï¼›â’‰ç”µå½±é™¢äºŽæˆ‘æœ‰æ—¶å€™å°±åƒæ˜¯è¯Šæ‰€æˆ–ç–—å…»é™¢ä¹ƒè‡³åŒ»é™¢ï¼Œè™½ç„¶ä¸èƒ½æŠŠæŸäº›ç—…ç—‡æ ¹æ²»ï¼Œä½†å´èƒ½è®©æˆ‘åœ¨è§‚å½±æ—¶æ”¾æ¾å¿ƒæƒ…ã€ç¼“è§£çŽ°å®žä¸å¦‚æ„å¸¦æ¥çš„çƒ¦æ¼ä¹ƒè‡³ç—›è‹¦ï¼›â’Šå’Œç¬¬ä¸€éƒ¨å·®ä¸å¤šçš„è§‚æ„Ÿï¼Œæˆ‘ä¹Ÿæƒ³è¦èƒ½å˜æˆæˆ¿å­çš„è¡ŒæŽç®±ã€‚
216,æ¨±å¤æž«é›ª,0,è¿˜è¡Œ,å¦‡è”4å¿«ä¸Šå•Šæ±‚æ±‚æ‚¨ä»¬äº†
217,æ›¸è¡£åµæŽ¢è¯æ–¯æ¯”,1,æŽ¨è,åŽæ¼«å¨å®‡å®™æœ€ä½³ç³»åˆ—äº†ï¼Œæ‰“é€ å–œå‰§è·¯çº¿åœ¨å¨±ä¹æ€§å’Œå¯çœ‹æ€§ä¸ŠåŠ åˆ†ï¼Œæˆ‘çš„Lilyè¿™ä¹ˆå¤šå¹´ä¾ç„¶æœ‰å¸…åˆç¾Žã€‚å½©è›‹å…¶å®žä¹Ÿå°±â€¦è¿˜å¥½è¿˜å¥½ã€‚
218,æ²¹ç„–èŒ„å­,2,æŽ¨è,æ•´éƒ¨ç”µå½±é‡Œäººç‰©çš„ä»˜å‡ºæ±ä¸è¿‡ä¸€ä¸ªå“æŒ‡ã€‚
219,Disturbed Angel,2,æŽ¨è,å‰§æƒ…å¾ˆç´§å‡‘ï¼Œè¿˜æ˜¯å¾ˆå¥½çœ‹ï¼ŒåŸºæœ¬æ²¡æœ‰å°¿ç‚¹ï¼Œæ˜¯ä¸ªå¾ˆä¸é”™çš„å•†ä¸šç‰‡äº†ã€‚é‡Œé¢çš„åæ§½ä¹Ÿå¾ˆæ£’ï¼Œæ‰€ä»¥ä¸ºä»€ä¹ˆé‚£ä¸ªå°åº¦äººåšæŒè®¤ä¸ºâ€œæ²¡æœ‰åçœŸå‰‚è¿™ç§ä¸œè¥¿â€ðŸ˜‚åªæ˜¯ä¸å¤ªç†è§£ä¸ºä»€ä¹ˆç”¨é‚£ä¸ªæœºå™¨å¯ä»¥ä»Žhopeå¦ˆå¦ˆèº«ä¸Šè¿œç¨‹æ±²å–èƒ½é‡ï¼Œå¦‚æžœè¯´æ˜¯ä»Žé‡å­ç©ºé—´é‡Œæ±²å–èƒ½é‡ï¼Œä¸ºä»€ä¹ˆä¸èƒ½æ˜¯ä»Žé‡Œé¢çš„æ‰€æœ‰äººã€æ‰€æœ‰ç”Ÿç‰©é‚£é‡Œæ±²å–ï¼Ÿè€Œæ˜¯ç‰¹å®šçš„ä¸€ä¸ªäººï¼Ÿå¦å¤–ï¼ŒçŸ­è¯„é‡Œé‚£ä½ä¸å–œæ¬¢èšäººçš„æœ‹å‹ï¼Œä¸å–œæ¬¢å°±ä¸è¦æ¥çœ‹ï¼Œè¿˜è¦åœ¨è¿™é‡Œåˆ·çŸ­è¯„ï¼Œå°±æ˜¯è¿‡åˆ†ä¸æˆç†Ÿçš„æƒ³åˆ·å­˜åœ¨æ„Ÿäº†ã€‚ã€‚ã€‚
220,Pandaçš„é˜´å½±,0,è¿˜è¡Œ,å½©è›‹ç”µå½±
221,æœ‰å¯‚,0,è¿˜è¡Œ,ã€Šèšäºº2ï¼šé»„èœ‚å¥³çŽ°èº«ã€‹3Dï¼šçœ‹è¿™ç§ä¸åŠŸä¸è¿‡çš„ç”µå½±å…¶å®žä¹Ÿå¾ˆæŠ˜ç£¨äººï¼Œå®ƒèƒ½è´¡çŒ®çš„åªæ˜¯å‡ ä¸ªè¿˜ç®—é€—çš„ç¬‘ç‚¹ï¼Œæ¯”å¦‚æ–¯ç§‘ç‰¹å˜æˆâ€œå°ç›†å‹â€ã€å¦»å­â€œçµé­‚é™„ä½“â€ä¸Žçˆ¶äº²ç›¸è§ï¼Œä»¥åŠè·¯æ˜“æ–¯çš„ç–¯ç‹‚çµ®å¨ã€‚æ•ˆæžœå¥½çš„å½±åŽ…è¿˜èƒ½ä½“éªŒé…·ç‚«çš„ç«‹ä½“æ•ˆæžœã€‚å°½ç®¡å…¨ç‰‡å½¢åŒé¸¡è‚‹ï¼Œä½†åƒå®žéªŒå®¤çž¬é—´ç¼©æˆå°åŒ£è¿™æ ·ç»™äººæƒŠå–œçš„é•œå¤´è¿˜æ˜¯æœ‰çš„ã€‚â˜…â˜…â˜†
222,æ³•å¸ƒé›·æµ…æ–¯,1,æŽ¨è,æ¯”1å¥½ï¼Œè€æ¿è¢«æ‰“åçœŸå‰‚é‚£æ®µç¬‘æ­»ï¼Œç»§ç»­å…¶æœŸå¾…å¦‡è”ï¼ï¼
223,å›½äº§å‡Œå‡ŒæœŸ,1,è¿˜è¡Œ,ç»å¯¹æ˜¯åœ¨æ¼«å¨ä½“ç³»é‡Œæœ€ç‹¬ç‰¹æœ€æœ‰è¶£çš„ä¸€ç¾¤è§’è‰²äº†ï¼Œå¯¼æ¼”æ˜¾ç„¶å¤ªæ˜Žç™½å¦‚ä½•é€šè¿‡è®¾å®šæ¥åˆ¶é€ å–œå‰§å¥‡è§‚äº†ã€‚
224,è¶…æ–°æ˜ŸèŠ‹åœ†å…”,3,åŠ›è,é‚£ä¸ªè¯ç—¨ï¼ŒçœŸæ˜¯å¤ªè€½è¯¯äº‹äº†ã€‚
225,Salvatore,0,è¾ƒå·®,å¤§æ¦‚æ˜¯æˆ‘è§‰å¾—æœ€ä¸æƒ³çœ‹çš„ç»­é›†
226,é²¸é±¼å›,1,è¿˜è¡Œ,å¼€å¤´æ²¡åŠ²ï¼Œæ¸å…¥ä½³å¢ƒ
227,é¢ç™½é¥­Î˜â˜‰Î˜,0,è¿˜è¡Œ,ç¬‘è¯å¤ªå¹²äº†ï¼Œç¬‘ä¸å‡ºæ¥ã€‚é‡å­ç¾Žå®¹ï¼Œè®©ä½ åº¦ä¸‰åå¹´å¦‚ä¸€æ—¥ï¼Œä½ å€¼å¾—æ‹¥æœ‰ã€‚
228,Terence_W_Yang,2,è¿˜è¡Œ,#1893#å…¸èŒƒï¼‰å½“PaulRuddè·ŸMichaelDouglasåæŒ‡ç›¸æ‰£æ·±æƒ…æ¬¾æ¬¾çš„ï¼Œæˆ‘æŠ–äº†æŠ–ã€‚Luiså¾ˆå¥½ç¬‘ã€‚è½¦æˆ˜å¥½çœ‹ã€‚
229,Love Scarlett,0,æŽ¨è,åŸƒå¾·åŠ èµ–ç‰¹å¿«ç‚¹å›žæ¥å§ï¼Œå¦‡è”4å¿«ç‚¹æ¥å§
230,Blueéƒ‘å°æ°,3,æŽ¨è,å¥½çœ‹ï¼Œæƒ…èŠ‚ç´§å‡‘ï¼Œå°¿ç‚¹ä¸å¤šï¼Œå¨±ä¹åº¦ä¸Šä¿æŒäº†ç¬¬ä¸€éƒ¨çš„æ°´å‡†ï¼Œè¿™å·²ç»ç®—æ˜¯å¾ˆæƒŠå–œäº†ï¼ˆæƒ³æƒ³é“¶æŠ¤2ï¼‰ã€‚æœ¬èº«å¾ˆç‹¬ç«‹çš„åŒæ—¶ï¼Œç‰‡å°¾å½©è›‹åˆè¿žä¸Šäº†å¤è”3ï¼Œç„¶åŽè¿™å›žé‡Œé¢å‡ºçŽ°çš„æ¦‚å¿µï¼Œå·²ç»æ˜¾è€Œæ˜“è§æ˜¯å¤è”4ä¸–ç•Œè§‚çš„ç»„æˆéƒ¨åˆ†ï¼Œå¯¹äºŽæ•´ä¸ªæ¼«å¨ç”µå½±å®‡å®™æ¥è¯´ï¼Œè¿™æ ·çš„é¡¹ç›®ç­–åˆ’ï¼Œç›¸å½“åŽ‰å®³äº†ã€‚
231,è“æŠ‘éƒå‰‚ Lily,0,è¿˜è¡Œ,å·®å¼ºäººæ„ï¼Œæ²¡æœ‰ç¬¬ä¸€éƒ¨å¸¦åŠ²äº†ã€‚
232,æµ·å±±Â·é‡Žç«,0,è¾ƒå·®,åå¾—å¤ªé å‰ï¼Œä¸¥é‡è§‚å½±ä¸é€‚ï¼ŒåŽæŽ’è™½æœ‰ç©ºä½ï¼Œä½†åéƒ½åä¸‹æ¥äº†ï¼Œä¹Ÿå°±æ‡’å¾—åŽ»æ¢ã€‚
233,LORENZO,0,åŠ›è,å¾ˆç‚«å¾ˆé…·ï¼Œéš¾å¾—å¥³æ¼”é¢œå€¼å…¨å‘˜åœ¨çº¿
234,nikki,0,è¿˜è¡Œ,å½“æ¼«å¨ç”µå½±å‡ ä¹Žä¸å¯èƒ½æä¾›æ›´å¤šæ„å¤–å’ŒæƒŠå–œçš„æ—¶å€™ï¼Œè¿™éƒ¨èµ·ç æä¾›äº†å‡ ä¸ªå°æœ‰æ–°æ„çš„é•œå¤´å’Œæœ‰ç‚¹å¥½ç¬‘çš„ç¬‘è¯ã€‚è™½ç„¶ä¸å¤šï¼Œä½†ï¼ŒèŠèƒœäºŽæ— å§
235,SingLesinger,0,åŠ›è,ç³»åˆ—ç¬‘ç‚¹æœ€å¤šçš„ä¸€éƒ¨ï¼Œå‰§æƒ…ä¹Ÿè¿˜ç®—ç”¨å¿ƒï¼Œç¬¬ä¸€ä¸ªå½©è›‹ä¸Žå¦‡è”3æ— ç¼è¡”æŽ¥ï¼Œå½±é™¢é‡Œå¥½å¤šäººèµ·ç«‹é¼“æŽŒã€‚
236,indicent time,1,è¾ƒå·®,å¿«è¿›ç€çœ‹çš„ï¼Œæœ‰ç‚¹çµ®çµ®å¨å¨çš„å°å¹½é»˜ï¼Œè™½ç„¶æŒºä¿—ï¼Œä½†ä¹Ÿæœ‰ç‚¹æ•ˆæžœå§ã€‚æ²¡ä»€ä¹ˆåŽ‰å®³åæ´¾ã€‚å¢¨è¥¿å“¥å“¥ä»¬å¤ªæœ‰æ„æ€äº†ã€‚å…¶ä»–ï¼Œåæ­£ï¼Œé¢ï¼ŒæŒºå¥½çš„å§ã€‚
237,è€é˜¿é£žâ€”æ•…å›­,0,æŽ¨è,å°æ•…äº‹å°è‹±é›„å°åœºé¢å°å†²çªï¼Œæœ‰è‡ªå·±ç‹¬ç‰¹çš„å¹½é»˜åœ¨ã€‚å…¶å®žè¿˜æ˜¯æ›´å…³æ³¨ä¸‹ä¸€é˜¶æ®µèšäººæ€Žä¹ˆæ”¹å˜å¦‡è”ä¸–ç•Œçº¿ã€‚
238,æ±Ÿæ¹–é äºº,0,è¿˜è¡Œ,ä¾æ—§é—¹å‰§è¿žè¿žæ¬¢ä¹å±å¨å¨ï¼Œä¸é¸Ÿå¦‡è”åœ¨è‡ªå·±åœ°å„¿æ‘¸é±¼ï¼Œå¤©ä¸‹äº‹å“ªæœ‰å®¶äº‹é‡è¦ã€‚ç‰¹æ•ˆä¸å¤ŸçŽ©å…·æ¥å‡‘ï¼ŒæŒªæˆ¿å­ä¸å¸¦æ‹”åœ°åŸºï¼Œå›žåŠ›å°è½¦ä¹Ÿèƒ½ä¸Šè¡—é£šã€‚
239,ç‹„é£žæƒŠ,0,è¿˜è¡Œ,å‡‘åˆçœ‹å§ï¼Œè™½ç„¶çœ‹ä¸çœ‹éƒ½ä¸å½±å“å¤ä»‡è€…è”ç›Ÿçš„å‰§æƒ…ã€‚
240,æ–‡æµ©å­å›,0,åŠ›è,Scottæ˜¯ä¸Šè¾ˆå­æ¬ è¿™çˆ¶å¥³ä¿©å¤šå¤§äººæƒ…å•Šâ€¦è´±è´±çš„äº²æˆšèšäººäº†è§£ä¸€ä¸‹ è¯å” å“¥ä»¬å„¿å˜´ç‚®åˆä¸€æ¬¡é«˜èƒ½äº† ç¬‘ç‚¹ä¸å°‘ã€æ²ƒç¾Žw.è›™
241,æ—¶é—´ä¹‹è‘¬,1,æŽ¨è,å’Œæœ‹å‹åœ¨ç”µå½±é™¢çœ‹çš„ç”µå½±ã€‚æ¯”æƒ³è±¡ä¸­ç²¾å½©ï¼Œç§‘æŠ€æ„Ÿåè¶³ã€‚
242,æ²³ç‹¸,1,æŽ¨è,èŠ‚å¥å°šç®—ç´§å‡‘çš„åˆå®¶æ¬¢ç”µå½±ã€‚é€—æ¯”èšäººå¾ˆæ­»ä¾ï¼Œç¬‘æžœåè¶³ã€‚çº¯å±žæ’æ’­çš„ä¸ªäººç”µå½±ï¼Œä¸è¦å¦„å›¾æœ‰ä»€ä¹ˆå¦‡è”3.5ï¼Œä¹Ÿå°±å½©è›‹æƒŠé¸¿ä¸€çž¥ã€‚é‡å­ç©ºé—´æ¯«æ— æƒ³è±¡åŠ›è¿˜ä¸å¦‚ç‹¬ç«‹å°æ¸¸æˆã€‚ä»Žé»„èœ‚å¥³æ¥çœ‹ï¼Œæ¼«å¨åœ¨å…³é”®å¥³è§’çš„é€‰æ‹©ä¸Šéƒ½æœ‰ç€è°œä¸€èˆ¬çš„å£å‘³ï¼Œè¿™å°±å¾ˆå¥½è§£é‡ŠæŽ¥ä¸‹æ¥çš„æƒŠå¦ˆåŽ‹æ ¹ä¸ä¼šä»€ä¹ˆæƒŠå–œã€‚
243,Chris  ä¸€åˆ‡ç”±æ— èŠå¼€å§‹,0,è¿˜è¡Œ,æžæ ¼
244,90,1,è¿˜è¡Œ,ï¼ˆ5.5ï¼‰åŽå“æŒ‡æ—¶ä»£è§‚ä¼—çš„ç–²æƒ«ä¸Žç©ºè™šå¹¶ä¸æ˜¯é—®é¢˜ï¼Œé—®é¢˜æ˜¯æ•´ä¸ªå‰§ç»„éƒ½å¥½åƒåœ¨ä¸Šç­æ—¶é—´æ‘¸é±¼ã€‚
245,çˆ±çš„é•‡é­‚æ­Œ,0,è¿˜è¡Œ,è£è€€å…¨å±žäºŽè·¯æ˜“æ–¯å’ŒåçœŸå‰‚ï¼Œä»¥åŠçœ‹çš„æ—¶å€™ä¸€ç›´åœ¨æƒ³ç¾Žå›½ç©ºåœ°å„¿æ˜¯æœ‰è¿™ä¹ˆå¤šå—ï¼Ÿé‚£ä¹ˆå¤§æ ‹æ¥¼ï¼Œéšä¾¿æ”¾ï¼Œä¸­å›½è¿žåœè½¦ä½ä½ éƒ½åˆ«æƒ³æ‰¾åˆ°
246,å®‰æµ·ç”Ÿ,0,æŽ¨è,ä¸çœ‹å½©è›‹1çš„è¯çœŸæ˜¯éƒ¨ç‰¹åˆ«å¯çˆ±çš„åˆå®¶æ¬¢ï¼Œåº”è¯¥æŠŠèšäººèµ¶å‡ºæ¼«å¨å®‡å®™ï¼Œäººå®¶å¤šæ­£å®—ä¸€ç‰¹æ‘„ç§‘å¹»ç‰‡å•Šï¼
247,yÑ§Ñ³â‘‰çˆ»,1,åŠ›è,2018.8.25 #ç™»å±±å®¶ç†Šçš„æ‘¸é±¼åŽ†ç¨‹#éƒ½è¿™ä¹ˆç€æ€¥çš„å…³å¤´è¿˜æƒ³ç€è‡ªå·±çš„å…¬å¸æˆ–è€…ä¼šä¸ä¼šè¢«æŠ“ä½ æ˜¯ç¬¬ä¸€ä¸ªå“ˆå“ˆå“ˆ
248,å¤æ—¥çš„å°è¥¿ç“œ,0,è¿˜è¡Œ,å…¶å®žæˆ‘å·²ç»å¿˜äº†ä¸€çš„å‰§æƒ…äº†ã€‚ã€‚ã€‚ ä½†ç±³æ­‡å°”è²ä½›è¿˜æ˜¯é‚£ä¹ˆè¿·äººã€‚ã€‚ã€‚
249,ZeonGin Sou,1,è¿˜è¡Œ,å…¬æ˜ IMAX3D
250,ä¸€ç¬‘è€Œè¿‡,4,è¿˜è¡Œ,You don't find someone like that. They find you. Like Baba Yaga.
251,cliosong,0,è¿˜è¡Œ,çœ‹å®Œä¹‹åŽä¸€ç›´å¿˜è®°æ ‡è®°ï¼Œç•¥æœ‰äº›å¤±æœ›ï¼Œå°¤å…¶å¤§å›¢åœ†ç»“å±€ä¸èƒ½å¿ã€‚è²ä½›å¥³ç¥žä¸€å¦‚æ—¢å¾€çš„ç¾Žï¼
252,èš‚èšæ²¡é—®é¢˜,1,è¿˜è¡Œ,ç¬¬ä¸€ä¸ªå½©è›‹æœ€å¥½çœ‹ã€‚
253,The æ˜Ÿæ˜Ÿ,0,åŠ›è,é›¶ç‚¹åœºé¦–æ˜ æ°”æ°›éžå¸¸å¥½ï¼Œä»Žå¤´ç¬‘åˆ°å°¾ï¼Œç”šè‡³æ„Ÿè§‰æ¯”ç¬¬ä¸€éƒ¨è¿˜è¦å¥½çœ‹ï¼Œæ¯ä¸ªè§’è‰²éƒ½æœ‰èŒç‚¹ã€‚è²æ¯”è€å…¬çš„èº«æç»´æŒçš„çœŸå¥½å•Šï¼Œå†çœ‹çœ‹æ˜Ÿçˆµâ€¦â€¦å½©è›‹çž©ç›®
254,ä¸–ç•Œçš„çŒ«ç¿»æ»šä¸­,2,è¿˜è¡Œ,ä¾æ—§çœ‹çš„IMAXç‰ˆæœ¬ï¼Œä½†å°‘äº†1çš„æƒŠå–œï¼Œè¶£å‘³æ€§è¿˜æ˜¯ä¸é”™çš„ï¼Œç±³æ­‡å°”è²ä½›çš„é­…åŠ›çœŸæ˜¯ä¸å‡ï¼Œå³ä¾¿æ˜¯å²æœˆå’Œçš±çº¹æ„ˆåŠ çš„æ˜¾çŽ°ã€‚æœ€åŽçš„å½©è›‹è®©äººæ›´æœŸå¾…æ˜Žå¹´çš„å¤è”4ï¼
255,éžé­š,0,æŽ¨è,è¦æ˜¯æ»´æ»´å…¬å¸èƒ½åƒåšå£«ä¸€æ · è¢«æŠ¢ä¸€æ¬¡å®žéªŒå®¤åŽå°±ç«‹åˆ»ä¸Šäº†è·Ÿè¸ªç³»ç»Ÿæ‹¥æœ‰è¿™ä¹ˆå¼ºçš„è¡ŒåŠ¨åŠ›å’Œå±æœºæ„è¯†ï¼Œå°±ä¸ä¼šä¸€è€Œå†å†è€Œä¸‰åœ°å‘ç”Ÿæ‚²å‰§äº‹ä»¶äº†ã€‚
256,pipboy,1,æŽ¨è,å¥½çŽ©ï¼Œè›®å¥½ç¬‘çš„XDDD
257,é˜¿è‰¯,0,æŽ¨è,éš¾å¾—çš„ï¼Œè™½ç„¶åæ´¾å¾ˆå¼±æˆ‘ä¾ç„¶çœ‹å¾—å¾ˆå¼€å¿ƒã€‚
258,EnjoyðŸŒˆRachel,0,æŽ¨è,"è·Ÿå…¶ä»–çš„æ¼«å¨è‹±é›„ç”µå½±å®Œå…¨ä¸åŒ~æ ¹æœ¬çˆ†ç¬‘å¥½ä¸å¥½ï¼ï¼å½©è›‹ä¸€ç®—æ˜¯æ­£å¼æŠŠ
antmanæ‹‰å›žäº†ä¸»çº¿"
259,é«˜ç­‰æ¸¸æ°‘é˜¿æœ½,0,æŽ¨è,ä¸»çº¿å¼±ï¼Œè€Œä¸”å‡ æ¡çº¿ä¸€èµ·èµ°æœ‰ç‚¹ä»“ä¿ƒï¼Œä½†å¨±ä¹æ€§å¥½ï¼Œæ¯”ç¬¬ä¸€éƒ¨æ›´æ‡‚å¾—å¦‚ä½•ç”¨èšäººçš„â€œå¤§â€ä¸Žâ€œå°â€å¢žåŠ è¶£å‘³å„¿ã€‚çœ‹å‰æ²¡ä»»ä½•å‰§é€ï¼Œç”šè‡³éƒ½å¿˜äº†ä¹‹å‰å¦‡è”çš„ä¸§å¿ƒç—…ç‹‚ï¼Œæ‰€ä»¥ç¬¬ä¸€ä¸ªå½©è›‹å±…ç„¶é¸¡çš®ç–™ç˜©éƒ½èµ·æ¥äº†â€¦â€¦
260,çŽ‹æ·±æž—å­,0,æŽ¨è,åœ¨æ·±åœ³å¸‚æ°‘ä¸­å¿ƒå˜‰ä¹‹åŽå½±åŸŽçœ‹çš„ï¼Œçºªå¿µæ„ä¹‰é¢å¤–åŠ ä¸€é¢—å¿ƒã€‚å¢¨è¥¿å“¥å‘³ä¸å¦‚ç¬¬ä¸€æ­¥æµ“æœ‰ç‚¹å¯æƒœï¼Œèšäººçš„å±Œä¸æ°”æ¯ä¾æ—§ï¼Œè¿™ç‚¹å¥½è¯„ã€‚åœ¨å˜å¤§å˜å°ä¸Šåšæ–‡ç« ä¸é”™ï¼Œä½†è¿˜æ˜¯ç¬¬ä¸€éƒ¨å˜å°ä¹‹åŽåœ¨çŽ©å…·é—´äº’ç›¸æ‰“æ–—æ›´æœ‰æ„æ€ã€‚ä½©æœæ¼«å¨çš„è®¾å®šï¼Œæœ¬æ¥ä¸€ä¸ªå˜å¤§å˜å°éžå¸¸æ™®é€šçš„æŠ€èƒ½ï¼Œå¯ä»¥ç‰µæ‰¯åˆ°é‡å­åŠ›å­¦ï¼Œå¾—åˆ°ä¸äºšäºŽç¥žå¥‡åšå£«çš„é«˜ç«¯æ•ˆæžœï¼Œä¸å®¹æ˜“å•Šã€‚å½©è›‹çœŸæ˜¯â€¦â€¦éƒ½æ˜¯ç­éœ¸çš„é”…ï¼
261,å‡ŒçŽ¥è½©â˜ª,0,è¿˜è¡Œ,æŒºå¥½çš„ï¼Œç¬‘äº†ä¸‰æ¬¡
262,Miffygaga,0,è¿˜è¡Œ,"ã€ŒWhat if she's forgotten about me? â†’ When I was in prison, the only thing got me through was Cassie. I could have been locked up for 100 years. I never would have forgotten her. I know your mom is counting the minutes until she can see you again.ã€ã€ŒExcuse me. Are we planning on leaving soon or are you two gonna keep staring at each other until they start shooting at us?ã€"
263,å¾®å–µçš„å…”å§‘å¨˜,0,è¾ƒå·®,å¿˜æ ‡äº†ï¼Œä¹Ÿå°±é‚£æ ·å§ï¼Œé™¤äº†æ—§é‡‘å±±
264,å¸•ç½—è¥¿æ±€,0,æŽ¨è,3.5æ˜Ÿã€‚æ¼«å¨å®‡å®™ï¼Œé‡å­æˆ‘æœ‰ã€‚
265,Suri_ä¸è¦å¹³æ·¡,2,åŠ›è,çœ‹å®Œå‡ºæ¥å’Œè€çŽ‹ä¸€æœ¬æ­£ç»åœ°è®¨è®º ä»¥åŽäººç±»æ˜¯å¦ä¼šè½¬ç§»åˆ°é‡å­é¢†åŸŸåŽ»ç”Ÿæ´»â€¦ç»ˆäºŽè§åˆ°äº†æ°´ç†Šè™«è¿™æ ·å¼ºæ‚çš„ç”Ÿç‰©å‡ºçŽ°åœ¨ç”µå½±é‡Œï¼Œç«Ÿç„¶è§‰å¾—æœ‰ä¸€ä¸ä¼˜é›…ï¼Ÿä¸ªäººè§‰å¾—å¾ˆå¥½çœ‹ä¹Ÿå¾ˆå¥½çŽ©ï¼Œç‰¹å†™å’Œå¥½çŽ©çš„æ¢—å¾ˆæœ‰æ„æ€ã€‚ç¬¬äºŒä¸ªå½©è›‹è®©äººemmmmæ„çŠ¹æœªå°½â€¦
266,æŸJã€‚624,0,åŠ›è,å…‰æ˜¯æŠ€æœ¯å±‚é¢å°±å·²ç»ç”©å¼€å¾ˆå¤šç§‘å¹»ç”µå½±å‡ æ¡è¡—ã€‚ç¬‘æ¢—å¤Ÿå¤šï¼Œæƒ…æ„Ÿçº¿ä¹Ÿå…¼å®¹åˆ°ä½æ²¡æœ‰å¾ˆè¿‡ã€‚ä½œä¸ºä¸€éƒ¨çˆ†ç±³èŠ±è‹±é›„ç”µå½±çœŸçš„éžå¸¸ä¼˜ç§€äº†ï¼Œéžå¸¸æ»¡è¶³ã€‚
267,äº²çˆ±çš„çŒ¥ççŒª,0,æŽ¨è,72/100 å‰§æƒ…å’Œåˆ›æ„å…·ä½³ï¼Œæ¯ä¸ªä¸»è¦è§’è‰²éƒ½æœ‰è¶³å¤Ÿçš„æˆä»½å¾—ä»¥å‘æŒ¥ï¼Œæœ€è®©æˆ‘æƒŠè®¶çš„åœ°æ–¹æ˜¯èšäººå’Œé»„èœ‚å¥³çš„æˆä»½å¹³è¡¡çš„éžå¸¸å¥½ï¼Œå¾ˆè‡ªç„¶æµç•…ã€‚æˆ‘çˆ±Paul Rudd*3ã€‚
268,[å·²æ³¨é”€],0,è¾ƒå·®,å¿«è¦ç¡ç€äº†ï¼Œåæ´¾ä¹Ÿä¸å¼ºï¼Œæ¢—ä¹Ÿä¸å¥½ç¬‘ï¼Œèšäººåº”è¯¥æ˜¯è¿™ä¸ªç³»åˆ—æ¯”è¾ƒå·®çš„äº†ã€‚#ä½†æ²¡æœ‰é»‘è±¹å·®#
269,QÂ·ianÂ·Sivan,0,å¾ˆå·®,2018382 ä¸€æ˜ŸåŠ é‡é™è´¨çˆ†ç±³èŠ±
270,å†·æ‰,0,æŽ¨è,å½©è›‹æºœÂ·Â·Â·
271,å¯’ç‹ä¼ åª’,0,è¿˜è¡Œ,å½©è›‹æ‚¬ç–‘åˆæƒŠæ‚šï¼Œæ¯”ç”µå½±å¥½çœ‹å•Šç®€ç›´ã€‚#çœ‹ç€æ—è¾¹çš„ç”·æœ‹å‹å…¨ç¨‹å…´å¥‹å´getä¸åˆ°ç‚¹ç³»åˆ—#
272,æ˜¯ä½ çš„è¯,2,è¿˜è¡Œ,ä¸€å¥Doinkå¼¹å¼€åˆ«äººæœ€å¥½ç¬‘ï¼Œä¿ç½—Â·è·¯å¾·ç»§ç»­çŠ¯è ¢è¯´ç¬‘è¯ã€‚ä¸¤ä¸ªå½©è›‹æ¯”æ•´ä¸ªè¿‡ç¨‹éƒ½ç²¾å½©ã€‚ã€‚ã€‚
273,Lunatic Assa,0,åŠ›è,å¾ˆéš¾è¯´æ˜¯æˆåŠŸï¼Œä½†ç»å¯¹ç®—æ˜¯å‡ºè‰²ï¼Œæ¯•ç«Ÿç¬¬ä¸€éƒ¨é‡Œå„å¼å„æ ·å……æ»¡æƒ³è±¡åŠ›çš„åœºæ™¯è®¾è®¡å’Œè§†è§‰å†²å‡»å·²ç»è°ƒé«˜äº†èƒƒå£ï¼Œæœ¬ç‰‡åˆ™åƒæ˜¯æŠŠå‰ä½œçš„æƒ³è±¡åŠ›åˆæ‹¿å‡ºæ¥ç”¨äº†ä¸€éï¼Œç®¡ç”¨å½“ç„¶è¿˜æ˜¯ç®¡ç”¨ï¼Œä½†åˆ›æ–°æ–¹é¢ç¡®å®žåšçš„ä¸è¶³ï¼Œé‡å­é¢†åŸŸçš„è®¾è®¡ä¹Ÿæ²¡æœ‰æƒ³è±¡ä¸­æ¥çš„éœ‡æ’¼ã€‚é£Žæ ¼å’Œç¬‘ç‚¹ç´§å¯†å»¶ç»­ç€ä¸Šéƒ¨ï¼Œè·¯æ˜“æ–¯è®²æ•…äº‹ä¹Ÿæ²¡æœ‰ç¼ºå¸­ï¼Œè¿½è½¦æˆæˆäº†å…¨ç‰‡ç²¾åŽæ‰€åœ¨ï¼Œä½†ä¸¤ä¸ªåæ´¾ä¸€çœ‹å°±ä¸æ˜¯åäººæœ€åŽè‚¯å®šè¦è¢«æ²»æ„ˆï¼Œå…¶å®ƒçš„ä¸€ç¾¤å‚»å­èƒ½åŠ›å€¼å®Œå…¨å’Œä¸»è§’åŒ¹é…ä¸ä¸Šï¼Œä½¿å¾—å±æœºæ„Ÿä¸è¶³ï¼Œç¬¬ä¸€ä¸ªå½©è›‹è¿‡æ¸¡æ•ˆæžœå¾ˆå¥½å´æ²¡æœ‰è§£é‡Šä¸ºå•¥èšäººä¸åŽ»ç“¦åŽè¾¾ï¼Œç¬¬äºŒä¸ªå½©è›‹å¤ªå¿½æ‚ äººã€‚è²ä½›åœ¨é‡å­é¢†åŸŸéƒ½è¿›åŒ–çš„è¿™ä¹ˆç‰›é€¼äº†ç«Ÿç„¶ä¹Ÿä¼šå˜è€ã€‚
274,SELVEN,1,è¾ƒå·®,è¿½è¿½é€ƒé€ƒç¡äº†ä¸ªç§‹çœ ä¸è§‰æ™“
275,å¤å¥ˆ,0,è¾ƒå·®,æ¼«å¨æœ€æ— èŠçš„ä¸€éƒ¨
276,å¤šä¸åˆ©ç™»,0,æŽ¨è,æ¼«å¨åŽ»æ­»å§ï¼ï¼ï¼ï¼ï¼ï¼ï¼ï¼ï¼å•Šå•Šå•Šå•Šå•Šå•Šå•Šå•Šå•Šï¼ï¼ï¼ï¼ï¼ï¼
277,äºŒæœˆé¸Ÿè¯­,0,è¿˜è¡Œ,æˆ‘è¯´èšäººæ˜¯æ¼«å¨æˆ‘æœ€å–œæ¬¢çš„è§’è‰²å¯èƒ½æ²¡äººç›¸ä¿¡ã€‚
278,èŽ«èŽ«å…ˆç”Ÿ,0,æŽ¨è,#é¸Ÿå§çˆ±çœ‹#ä¸­è§„ä¸­çŸ©3.5ï¼Œæ¯”é›·ç¥ž3å¥½ã€‚åŸŽå¸‚åŸºè°ƒå’Œé€‰è§’ï¼ˆç™½äººä¸å¤šäº†ï¼‰ç±»ä¼¼èœ˜è››ä¾ ï¼Œæ‰€ä»¥è¢«äººè¯´æ ¼å±€ä¸å¤§ã€‚å®¶äººå…±å›¢å‘˜ï¼ŒåŠåæ´¾è¢«æ²»å¥½ï¼Œè¿žèƒ¡éƒ½æƒ³è¯·ç”·ä¸»åƒé¥­ï¼Œå¥¸å•†è½èŠ±æµæ°´ï¼Œæœªå…ç»“å±€å¤ªç”°å›­ç¾Žå¥½ã€‚æ‰€ä»¥ï¼Œç¬¬ä¸€ä¸ªå½©è›‹å¥½è¯„ï¼Œæ©æœ‰éœ‡æ…‘åŠ›æœ‰æ‚¬å¿µã€‚
279,LoudCrazyHeart,0,è¿˜è¡Œ,å°ºå¯¸å˜æ¢ä»ç„¶å¾ˆç‹¬ç‰¹ï¼Œå´å°‘äº†ç¬¬ä¸€éƒ¨çš„çµæ°”å’Œæ‰Žå®žçš„å™äº‹
280,æµå…‰æº¢å½©`,0,è¿˜è¡Œ,Scottå……æ»¡äº†æ¯æ€§å…‰è¾‰å•Šï¼Œè¢«å‡†ä¸ˆæ¯å¨˜é™„ä½“çš„æ—¶å€™å¥½å±Œä¹±ã€‚ç±³æ­‡å°”è²ä½›å¤ªå¥½çœ‹äº†ï¼ˆå°±æ˜¯å…¨ç‰‡éƒ½æœ‰ç‚¹fillerçš„æ„Ÿè§‰
281,ç¨å­¤å³¶ä¸»,1,è¿˜è¡Œ,æ¯å…·äº†ï¼Œç‰‡å°¾å½©è›‹ç­éœ¸æŠŠèšäººçš„åŒä¼´ç°çƒ¬äº†â€¦â€¦|||ï¼Œè¦æ˜¯æŒ‰è¿™ä¸ªæ—¶é—´çº¿ï¼Œç¥žç›¾é‚£ä¸ªé»‘äººåº”è¯¥è¿˜åœ¨ç¥žç›¾å§??é™¤éžé‡å­å¹³è¡Œä¸–ç•Œäº†~~ï¼ˆç„¶è€Œè¿™æ ·ç­éœ¸å°±é‡å­ç©¿è¶Šå¹³è¡Œä¸–ç•Œäº†~
282,Mars panda,0,è¿˜è¡Œ,åˆæ ¼çš„è¶…çº§è‹±é›„ç”µå½±ï¼ŒåŠ¨ä½œå®¶åº­å–œå‰§ï¼Œèšäººæ ¼å±€åœ¨æ¼«å¨ä½œå“ä¸­ä¹Ÿä¸ç®—å¤§ï¼ŒæŠŠçŽ°æœ‰çš„å…ƒç´ å…¨éƒ¨å‡çº§åˆé¡ºç•…åœ°ä¸²è”åœ¨ä¸€èµ·ï¼ŒåŸºæœ¬åšåˆ°æ— åŠŸæ— è¿‡åˆå®¶æ¬¢ã€‚
283,é—ªé—ªçš„å°çº¢æ˜Ÿ,1,è¿˜è¡Œ,æ‹å¾—ç”µè§†å‰§æ°´å‡†
284,ç›²å¿™,2,è¿˜è¡Œ,"é¢„ç®—ï¼š1äº¿6200ä¸‡
é¦–å‘¨æœ«ç¥¨æˆ¿ï¼š7581ä¸‡
åŒ—ç¾Žç¥¨æˆ¿ï¼š2äº¿1664ä¸‡
å…¨çƒç¥¨æˆ¿ï¼š6äº¿2246ä¸‡
ä¸Šæ˜ æ—¥æœŸï¼š18.07.06
ä¸Šæ˜ å‘¨æ•°ï¼š17å‘¨
åˆ†çº§ï¼šPG-13
æœ€é«˜é™¢çº¿æ•°ï¼š4206
åŒ—ç¾Žæœ€é«˜æŽ’åï¼š1
å‘è¡Œæ–¹ï¼šBuena Vista"
285,æ­Œç‰¹å§‹ç¥–é¸Ÿå§¨,1,æŽ¨è,"In the end, we can be happy with the people we love, will we? æƒ³è±¡ä¸€ä¸‹æˆ‘ä»¬çœ¼ä¸­çš„ä¸–ç•Œï¼Œæ”¾å¤§æˆ–ç¼©å°åŽå¦‚æ­¤ä¸åŒã€‚"
286,çŽ‹å†™å†™,1,è¿˜è¡Œ,3.5ï¼Œè¶³å¤Ÿå¨±ä¹ï¼Œä½†ç•¥æœ‰ç‚¹é‡å¤
287,çŒ«å’ªå»ºç­‘å¸ˆ,1,æŽ¨è,ç†Ÿæ‚‰çš„æ¼«å¨ç‰‡å¤´éŸ³ä¹å›žå½’ èšäººæ‰æ˜¯çœŸÂ·åˆå®¶æ¬¢ç”µå½± å¤§å°å˜åŒ–é—´çš„è¡”æŽ¥æ„ˆå‘ç†Ÿç»ƒ é‡å­é¢†åŸŸç‰¹æ•ˆç»§ç»­æˆä¸ºå…¨ç‰‡é¢œå€¼æ‹…å½“ è¿‡æ¸¡ç”µå½±çš„å½©è›‹å®Œç¾Žè¡”æŽ¥ç­éœ¸çš„å“æŒ‡ ç„¶è€Œè¥æ•‘è®¡åˆ’çš„æ‚¬å¿µè¿˜æ˜¯è¦ç»§ç»­ä¿æŒä¸‹åŽ»äº† IMAX24
288,èƒ¡æ¡ƒå›­å’”åš“å¥³çŽ‹ä»£è¡¨è€æŸ´å’”äº†ä½ ,0,æŽ¨è,æœ‰å¾ˆå¤šç ´æ ¼çš„åœ°æ–¹ï¼ˆå°¤å…¶æ˜¯æžç¬‘çš„éƒ¨åˆ†ï¼‰ï¼Œæ¼«å¨è‡ªå˜²çš„æœ¬é¢†ä¹Ÿæ˜¯ç»äº†ã€‚ä½†äººç‰©ç¡¬ä¼¤å¤ªå¤šï¼ŒScott ä¼¼ä¹Žè ¢äº†ä¸€çº§ï¼ŒæŸè§’è‰²ååˆ†â€œä¾¿æ·â€ï¼Œè¿žé‡å­é¢†åŸŸä¹Ÿåƒæ˜¯åœ¨æ‰“é…±æ²¹ã€‚è§‚çœ‹è¿‡ç¨‹å¾ˆæ„‰æ‚¦ä½†ä¸å¤ªä¼šè®©äººæƒ³çœ‹ç¬¬äºŒéã€‚
289,æ —è‰²é›ª,1,è¿˜è¡Œ,æ‰¿ä¸Šå¯ä¸‹å°´å°¬åœ°ä½ï¼Œä½œä¸ºç‹¬ç«‹ä½œå“ä¸å¤Ÿç²¾å½©ï¼Œæ”¾åœ¨æ•´ä¸ªæ¼«å¨å®‡å®™æ—¶é—´çº¿ä¸­ä¹Ÿæ— æ³•é¡ºæ»‘è¡”æŽ¥ã€‚æœ€åŽçš„ç‰‡å°¾å½©è›‹ç®€ç›´è®¨éª‚ï¼Œä»¥åŠâ€¦â€¦ç­éœ¸çš„50%ç®—æ³•ç»å¯¹å‡ºäº†bugï¼
290,ç½—å¤æ˜ ç”»,0,æŽ¨è,2016-05-15 æƒ³çœ‹
291,å¤œè§‚é£Ž,0,åŠ›è,æ¼«å¨ç‰‡å¤´æ¯æ¬¡å‡ºæ¥éƒ½è¦å°¿ä¸€å›ž åŒçº¿ç†å¾—çœŸå¥½ é‡å­é¢†åŸŸæƒŠè‰³ æ‰“æ–—çŽ¯èŠ‚å·®å¼ºäººæ„ å˜´ç‚®ç•¥åˆ»æ„ä¸å¦‚æ­»ä¾å£å¾—æƒŠè‰³ è¯å” æœ‹å‹ä¸è´Ÿä¼—æœ›åˆæ¥äº†ä¸€æ®µåŒç°§è¡¨æ¼”ï¼ˆå“¥ä»¬æ¼”çš„å•¤é…’å¹¿å‘Šæ¢— å¤§å­¦å¹¿å‘Šå­¦ä¸Šçœ‹åˆ°è¿‡æ‰€ä»¥æœ‰getåˆ°ï¼‰æ°´ç†Šæ˜¯æ™¨æ™¨æ•™æˆ‘è®¤çš„è¿™ä¸ªå°å­©å¥½åŽ‰å®³ ä»¥åŠ é¦–æ˜ åœºè¿˜æœ‰åŠåˆ†é’Ÿå°±çœ‹åˆ°ç¬¬äºŒä¸ªå½©è›‹è¢«å½±é™¢æ‹‰é—¸çš„å½±å°¾è€…è”ç›Ÿè¡¨ç¤ºä¸èƒ½å¿ï¼
292,helloliu,0,æŽ¨è,ç¬‘ç‚¹ä¸æ–­ï¼Œå››æ‹¨äººäº‰æŠ¢çš„è®¾è®¡å¾ˆå·§å¦™ï¼Œç¬¬ä¸€ä¸ªå½©è›‹å¾ˆç²¾å½©ï¼Œç¬¬äºŒä¸ªå½©è›‹å¾ˆæ•·è¡
293,è’æž—,0,è¿˜è¡Œ,ä¸»çº¿æ•…äº‹åŠæ ¼ï¼Œå¹½çµçš„æœè®¾æ²¡æœ‰æƒ³è±¡ä¸­å‡ºè‰²ï¼Œæ‰“å¼€è£…æ»¡çŽ©å…·è½¦çš„ç›’å­ï¼Œå¼¹é£žæ­¦å™¨çš„æ‹Ÿå£°é…éŸ³ï¼Œç¼©å°æ”¾å¤§çš„è¶£å‘³æ€§å’Œç«¥å¹´æŠ•å°„ç®€ç›´å®Œç¾Žã€‚ä»¥åŠçœ‹åˆ°å¤§èš‚èšçš„ååº”å®žåœ¨å¤ªå¡å¤«å¡äº†
294,è¶…äººå”å”,1,è¿˜è¡Œ,å“ˆå“ˆä¸‰è—©å•Š
295,Jin Unrated,1,æŽ¨è,å®Œå…¨æˆ³ä¸­æˆ‘ç¬‘ç‚¹â€¦â€¦Luisè®²æ•…äº‹è¿˜æ˜¯ç™¾çœ‹ä¸åŽŒðŸ˜‚Paul Ruddå¤ªæˆ‘èŒ¶äº†
296,é˜¿èŒ¶,0,è¿˜è¡Œ,è¿˜æŒºå¥½ç¬‘çš„ï¼Œå‘µå‘µã€‚
297,å†·ä»´å¡Ÿæ¤›é­‚ãƒ¾,0,æŽ¨è,å–œå‰§éƒ¨åˆ†å¾ˆå¥½ï¼Œè™½ç„¶æ•…äº‹æ¬ ç¼ºåˆ›æ„ï¼Œåªèƒ½åœ¨ç¬¬ä¸€é›†çš„åŸºç¡€ä¸ŠåšåŠ æ³•ï¼Œä½†æ˜¯å®Œæˆçš„çœŸä¸é”™ã€‚
298,zebramaomao,3,æŽ¨è,èšäººå¸®é»„èœ‚å¥³æ‰¾å¦ˆå¦ˆçš„æ•…äº‹ã€‚å…¶å®žæœ€ç²¾å½©çš„æ˜¯é‡Œé¢å‡ ä¸ªè¯ç—¨ç¥žå¥‡çš„å…³æ³¨ç‚¹å’ŒçŒä¸åŠé˜²çš„å†·å¹½é»˜ã€‚ç¬¬äºŒä¸ªå½©è›‹å°±æ˜¯ä¸€åªèš‚èšåœ¨æ•²é”£é¼“ï¼Œä¸ç”¨ç­‰äº†ã€‚
299,yvonne,0,è¿˜è¡Œ,å½©è›‹ç‰›é€¼ï¼
300,å°å·|éšå¿æ²‰å®š,0,æŽ¨è,"èšäººæ€»ä½“è¿˜æ˜¯ä¸€ä¸ªå–œå‰§è§’è‰²~
é‡å­ä¸–ç•Œè¿˜æ˜¯å¾ˆå¥‡å¦™çš„ï¼Œä¸»é¢˜ä¾æ—§å‘å–„ï¼Œçœ‹é‡äº²æƒ…ï¼Œçˆ†ç±³èŠ±ç”µå½±ä¸­çœ‹ç‰¹æ•ˆï¼Œä¹Ÿå–é¸¡æ±¤~ 
æœ€é€—çš„èŽ«è¿‡äºŽé‚£ä»¶æ–°æˆ˜è¡£ï¼Œå¤§å°ç¼©æ”¾ä¸è‡ªå¦‚é—¹å‡ºäº†å¤ªå¤šç¬‘è¯ï¼Œåœ¨æ—§é‡‘å±±è¡—æ™¯æ‹å‡ºæ¥æ„Ÿè§‰çœŸæ£’~~  æœ€çˆ±çš„æ˜¯æ‰“é…±æ²¹çš„å°åº¦è‹±è¯­å’Œæ‹‰ä¸è£”è‹±æ–‡è€èŠ±æžªï¼Œç¬‘å‚»~"
301,æ¬²ç››,0,åŠ›è,4.5ã€‚å¥½æƒ³è¦ä¸ªå®žéªŒå®¤æ—…è¡Œç®±å•Šâ€¦æ¼«å¨åå¹´æ‰¿å‰å¯åŽçš„ä½³ä½œï¼Œå‰§æœ¬å®Œæ•´ï¼Œå¨±ä¹æ€§æžå¼ºï¼Œå°†å˜å¤§å˜å°ã€å˜æœ‰å˜æ— ç»“åˆåˆ°åŠ¨ä½œè®¾è®¡å’Œé£žè½¦è¿½é€ä¸­ï¼Œ çŽ©è½¬ç©ºé—´æ¦‚å¿µã€‚ä¸è¿‡æœ€å¥½çœ‹çš„è¿˜æ˜¯ç»“å°¾çš„æ—¶é—´çº¿å‹¾è¿žå•Šï¼Œä½™å‘³å¾ˆç³Ÿï¼Œæœ‰ç‚¹ã€Šéžå¸¸çªç„¶ã€‹çš„æ„æ€ã€‚é‡å­ç©ºé—´åœ¨å¤è”å››ä¸­åº”è¯¥æ˜¯éžå¸¸é‡è¦çš„ä¸€çŽ¯äº†ã€‚
302,June,1,è¿˜è¡Œ,å‡‘åˆå‡‘åˆï¼Œå‰§æƒ…æ— è„‘å…¨ç”¨ç¬‘æ–™å¡«ï¼Œç”¨äº†å¥½å¤šç§»è½´æ‘„å½±ï¼Œå¯¼è‡´ç”»é¢æœ‰ç‚¹å‡ã€‚æ‰“å¾—çœ¼èŠ±ç¼­ä¹±ï¼Œçœ‹å¾—çœ¼ç›ç–¼ã€‚ä¸ºå˜›äºšè£”è§’è‰²è€è¿™ä¹ˆpussyå‘¢ï¼Ÿè¿˜æ˜¯å¾ˆæœŸå¾…ä¸‹ä¸€éƒ¨ã€‚
303,æœ¬åˆè€å„¿,0,æŽ¨è,Paul Ruddä¾ç„¶æ˜¯æœ¬äººåœ¨æ•´ä¸ªMCUé‡Œæœ€æƒ³å«çš„ç”·äºº
304,åŠæ—¥å…‰è¾‰,0,è¿˜è¡Œ,=ÍŸÍŸÍžÍž(ê’ªâŒ“ê’ªï¼‰â•­ #umeå’Œå°èƒ–å­çœ‹çš„ç¬¬äºŒå ´é›»å½±
305,izaijin,1,æŽ¨è,çœ‹å¾—å¼€å¿ƒå°±å¥½ï¼Œæˆ‘çŽ°åœ¨è¦æ±‚å¾ˆä½Žäº†
306,å‘¨å±¹å¤,1,è¾ƒå·®,çœŸçš„è¯´æ¥ä½ ä¸ä¿¡ï¼Œå½©è›‹çœŸçš„æ¯”æ­£ç‰‡å¥½çœ‹â€¦â€¦
307,Yukip,1,æŽ¨è,é€šè¿‡ä½“ç§¯å˜åŒ–è°ƒæ•´ç©ºé—´è°ƒåº¦è€Œç¼©çŸ­ä½ç§»æ—¶é—´ä½“çŽ°é€Ÿåº¦æ„Ÿï¼Œåª²ç¾Žå˜å½¢é‡‘åˆšåˆ©ç”¨æœºæ¢°å†…éƒ¨è¿åŠ¨æ¥æ‹“å±•ä»»åŠ¡çº¿ç¨‹å¹¶ä¸°å¯Œè¿åŠ¨è½¨è¿¹ï¼Œç¬¬ä¸€éƒ¨æ°ä½œï¼Œç¬¬äºŒéƒ¨ä¹Ÿä¸å·®
308,m89,0,æŽ¨è,å„ç§ç‰©å“å˜å¤§å˜å°çš„æƒ³è±¡åŠ›è¿˜æ˜¯æŒºæœ‰è¶£çš„ï¼Œå¯¹é‡å­ä¸–ç•Œçš„æç»˜ä¹Ÿå¾ˆé«˜çº§ï¼Œå°±æ˜¯æ•…äº‹å®žåœ¨æ˜¯è¿‡äºŽæ— è¶£äº†ï¼Œè€Œä¸”å¼€æŒ‚çš„å¤§åæ´¾ä¸€ç‚¹æ³¢æ¾œéƒ½æ²¡æ³›èµ·ï¼ï¼
309,åˆ¤å®˜èµµ,2,æŽ¨è,é‡å­é¢†åŸŸçš„ç¼ æ–—è™½ç„¶ä¸æ˜Žç™½ä½†æ˜¯å¾ˆåŽ‰å®³çš„æ ·å­ã€‚å¦‚æžœåœ¨ç§‘å­¦ä¸ŠçœŸçš„åˆç†çš„è¯é‚£èšäººç³»åˆ—é‡Œçš„é«˜ç§‘æŠ€çœŸæ˜¯æ¯”æ¼«å¨å…¶ä½™æ‰€æœ‰ç”µå½±é‡Œçš„é«˜ç§‘æŠ€åŠ èµ·æ¥è¿˜è¦é«˜ç§‘æŠ€ã€‚å¹½é»˜å…ƒç´ ä¹Ÿæ˜¯æœ€å¤šçš„ä¸€éƒ¨ã€‚å¬è¯´å½©è›‹æƒ¨ç»äººå¯°å°±çŒœåˆ°æ˜¯æ€Žä¹ˆå›žäº‹äº†ã€‚æžœç„¶å¤è”3çš„ä¼¤ç–¤åˆè¢«ç‹ ç‹ æ’•è£‚å¼€æ¥ã€‚æ¼«å¨æˆ‘æ¨ä½ ã€‚
310,æ°´åŒ…é…±,3,è¿˜è¡Œ,ã€Šæ— é™æˆ˜äº‰ã€‹ä¸Šæ˜ çš„æ—¶å€™ï¼Œæœ‰å‰§ä¸­å½©è›‹æåˆ°æ–¯è€ƒç‰¹æ²¡å‚æˆ˜çš„åŽŸå› æ˜¯å› ä¸ºè¿åäº†â€œç´¢ç§‘ç»´äºšåè®®â€è¢«ç›‘ç¦äºŽå®¶ä¸­ï¼Œä½†æ˜¯ã€Šèšäºº2ã€‹çš„ç¬¬ä¸€ä¸ªå½©è›‹æ˜Žæ˜¾çœ‹å‡ºâ€œç“¦åŽè¾¾ä¹‹æˆ˜â€å‘ç”Ÿæ—¶ï¼Œæ–¯è€ƒç‰¹å·²ç»æ¢å¤è‡ªç”±èº«å¾ˆä¹…äº†ã€‚
311,ä¸€å€‹æ­»æ§æ§,0,æŽ¨è,å“‡å¡žè¿™ä¸€é”…ç²¥ä¸€æ ·çš„å‰§æƒ…ï¼ŒçœŸå¥½çœ‹ã€‚æ— æ¯”æ¬¢ä¹ï¼Œå‡ ä¹Žä»Žå¤´å‚»ç¬‘åˆ°å°¾ã€‚Paulè¿˜æ˜¯é‚£ä¹ˆè¿·äººï¼Œé“æ ¼æ‹‰æ–¯ä¹Ÿæ˜¯è¶Šè€è¶Šè¿·äººã€‚å˜å¤§å˜å°çš„è§‚èµæ€§å¤ªå¼ºäº†ã€‚èšäººè¿™ä¸ªæ•…äº‹çº¿å·²ç»è·ƒå±…æˆ‘å¿ƒä¸­æ¼«å¨ç³»åˆ—ç¬¬ä¸€ã€‚è¿˜ä»¥ä¸ºç¬¬äºŒéƒ¨ä¼šä¸€é€šä¹±æ‰“ï¼Œç«Ÿç„¶æ²¡æœ‰ï¼Œå……æ»¡çˆ±æ„äº†ã€‚
312,ç©†å¦‚åˆ,0,æŽ¨è,å“ˆå“ˆå“ˆå“ˆå“ˆ
313,ç”¦é†’ Nostalgia,0,è¾ƒå·®,æ¯”ç¬¬ä¸€éƒ¨è¿˜è¦å·®ä¸€ç‚¹
314,Î»Î”æ¶ˆæžåˆ†å­,0,æŽ¨è,ã€Šè¶…å‡¡èœ˜è››ä¾ 2ã€‹åŽç¬¬ä¸€éƒ¨ä»¤æˆ‘åœ¨å½±é™¢ä¸­æƒ…ä¸è‡ªç¦ä¼šå¿ƒä¸€ç¬‘çš„æ¼«å¨ç”µå½±ã€‚ä»Žå®è§‚çš„MCUè¡”æŽ¥æˆ˜ç•¥ã€æœ€åŽä¸€åˆ†é’Ÿè¥æ•‘çš„å¤šæ—¶ç©ºåµŒå¥—å˜ä½“åˆ°å±€éƒ¨æ’ç§‘æ‰“è¯¨çš„å•†ä¸šåˆå®¶æ¬¢ç¬‘æ–™ï¼Œä¸€åˆ‡å…ƒç´ éƒ½èƒ½æ–™ç†å¾—æŒ‰éƒ¨å°±ç­è¿˜ä¿æœ‰æƒŠå–œï¼Œäººç‰©çº¿ç´¢ä¹Ÿäº•äº•æœ‰æ¡ï¼Œè¿™ä¸€æ¬¡ä¸å¾—ä¸ä½©æœè¿ªå£«å°¼æµæ°´çº¿ç”Ÿäº§çš„å·¥ä¸šå®žåŠ›ã€‚ç¬¬ä¸€ä¸ªå½©è›‹ä¹Ÿå¤ªæ¯”åˆ©Â·æ€€å°”å¾·äº†å§ï¼
315,è‹ä¹,0,è¿˜è¡Œ,æ‹¯æ•‘è–›å®šè°”çš„çŒ«
316,æ¢µç›®,0,è¿˜è¡Œ,åæ´¾å¡‘é€ æŒºå¥½
317,é˜¿ç´«,0,æŽ¨è,è¶…çº§å¨±ä¹åŒ–çš„äº«å—ï¼æ›´çµæ´»è‡ªç”±çš„å˜å¤§å˜å°ï¼Œè®©æˆ‘å›žæƒ³èµ·å°æ—¶çœ‹çš„é¾™ç ï¼ŒæŽ¥è¿‘æ¼«ç”»å¼å¨±ä¹è€Œåˆæžä¸ºå‡ºå½©çš„ç‰¹æ•ˆæ‘„å½±ã€‚è¿˜æœ‰æ²¿è¢­è‡ªç¬¬ä¸€éƒ¨çš„é•¿çŸ­é…éŸ³rapå¼å›žå¿†è®²è¿°ï¼Œç¬‘åˆ°ä¸è¡Œã€‚ç”šè‡³èƒ½è®©äººå¿½ç•¥æŽ‰åæ´¾çš„å¼ºåº¦ä¸å¤Ÿï¼Œå’Œä¸€äº›ç§‘å¹»è®¾å®šçš„è™šå®žã€‚æ–¯ç§‘ç‰¹çš„å¥³å„¿å°èèŽ‰ä¹ŸèŒç¿»ï¼Œä¸¤ä»£é»„èœ‚å¥³ä¹Ÿéƒ½èµžï¼
318,ç²µèªžæ®˜ç‰‡,1,è¿˜è¡Œ,å’Œç¬¬ä¸€éƒ¨çš„é—®é¢˜ä¸€æ¨¡ä¸€æ ·ï¼šå¨±ä¹æ€§è¶³å¤Ÿï¼Œä½†æ˜¯æ•´ä¸ªæ•…äº‹çœŸæ˜¯æ¯«æ— å¼ åŠ›å¯è¨€å•Šã€‚
319,å¹´é€,1,è¿˜è¡Œ,8æœˆä¸Šæ—¬çœ‹çš„ï¼Œç²¾å‡†æ‰¾åˆ°å‰ä½œæ–°é¢–ä¹‹å¤„ï¼Œåœ¨è¿™éƒ¨é‡ŒåŠ å¼ºå¤åˆ¶ï¼Œæ¯”å¦‚2001å¾®è§‚æ¼«æ¸¸ï¼Œæ¯”å¦‚å¢¨è¥¿å“¥å°å“¥æ‰¿åŒ…ç¬‘æ–™ã€‚çŽ°åœ¨è¿žåæ´¾éƒ½ä¸æ€äº†ï¼Œå¥½èŽ±åžå™äº‹å®Œè›‹äº†
320,ä¼½æ ‘,0,è¿˜è¡Œ,æˆ‘æœ‰è¿™è¾†é£Žç«è½®
321,Fâ€“Aâ™­â€“F,0,æŽ¨è,åœ¨é‡å­ç»´åº¦ï¼Œæ€Žä¹ˆå‘¼å¸ï¼Ÿåƒä»€ä¹ˆæ±è¿‡30å¹´ï¼Ÿå¦‚ä½•è®¡å¹´ï¼Ÿ
322,[å·²æ³¨é”€],0,æŽ¨è,èšäºº2ä¹‹ä¸€å®¶äººå°±æ˜¯è¦æ•´æ•´é½é½ã€‚
323,å†°å±±çš„é˜´å½±,2,æŽ¨è,å¾ˆå¹½é»˜å•Šã€‚
324,ç©ºè¯­å› æ˜Ž,0,è¿˜è¡Œ,åˆ«å¢…å˜å°éšèº«å¸¦ä¹Ÿå°çˆ½äº†å§
325,putthekettleon,0,è¿˜è¡Œ,ç¯è‰å’Œå°šå¸¦ç€é¸Ÿå±±æ˜Žçš„èƒ¶å›Šæ’ç§‘æ‰“è¯¨ã€‚
326,åä¸€ä¼ç‰¹,0,æŽ¨è,å¥½å¥½çŽ©ï¼ï¼ï¼è¿˜æ˜¯å¾ˆæ¬¢ä¹çš„ï¼ç¬¬äºŒä¸ªå½©è›‹å°±æ˜¯éª—å­å“ˆå“ˆå“ˆå“ˆã€‚çœ‹ç¬¬ä¸€ä¸ªå°±å¥½äº†ï¼
327,çŒªå¤´å¦–æ€ª,0,æŽ¨è,è·Ÿ1å¯¹æ¯”ä¸ç›¸ä¼¯ä»²ðŸ‘ç¬¬äºŒéƒ¨çš®å§†åšå£«çš„æˆä»½å¤šäº†å¥½å¼€å¿ƒðŸ™‚ä¸‰å‚»æˆä»½å°‘äº†ä½†æ˜¯ä¾ç„¶æ‰¿åŒ…äº†ä¸å°‘ç¬‘ç‚¹...åæ´¾ä¸€å¦‚æ—¢å¾€çš„å¼±è€Œä¸”å…¶ä¸­ä¸€ä¸ªè¿˜æ´—ç™½äº†ðŸ˜°è·Ÿä¸€çš„åŸºè°ƒä¸€æ ·è¿˜æ˜¯æ¸©æƒ…å¤§çˆ±è·¯çº¿...ä»Žæ—¶å¤§æ—¶å°å˜ä¸ºæ—¶å¤§å¤§å¤§å¤§å¤§å¤§æ—¶å°å°å°å°å°âœ¨Marvelä¸–ç•Œé™¤æ­»ä¾å¤–æœ€æœ‰è¶£çš„äººç‰©
328,ä¹å‘½çŒ«@victor-eyes,0,åŠ›è,ä¿ç½—è·¯å¾·ã€é‡å­è¿·æ€ã€çˆ¶å¥³æƒ…æ·±ã€‚é‡å­é¢†åŸŸæœ‰ç‚¹å¦™ï¼Œç‰¹åˆ«åƒæ·±æµ·æµ·åº•çš„ç”»é¢ï¼Œå°¤å…¶æ˜¯æ¼«å¤„æºœè¾¾ç€çš„è§å…‰å¸ç›˜ç« é±¼ã€‚åªä¸è¿‡æŠŠæµ·åº•çš„å¹½è“è‰²è°ƒå…¨éƒ¨é€‰ä¸­æ¢äº†ç²‰æ©˜è‰²ã€‚è¿˜æœ‰å‡ ä¸ªåœºåŸŸçš„åˆ‡æ¢ï¼šæ©˜æµ·ï¼ŒçœŸç©ºï¼Œæ²¼æ³½ï¼Œæœ€åŽæ˜¯ä¸€ç‰‡èµ›åšæœ‹å…‹é£Žçš„ç´«å…‰æ£®æž—ï¼Œåˆä»£é»„èœ‚å¥³å’Œèšäººæ‹¥å»çš„èƒŒæ™¯æ¿ï¼ŒåŽæœŸåŠ é¸¡è…¿ã€‚ä¿ç½—è·¯å¾·å¸Œè…Šå¤©ç¥žä¸€æ ·æ£±è§’åˆ†æ˜Žçš„è„¸ï¼Œä¸¤ä¸ªè¿Ÿæš®è€Œå¨‡çš„å¥³è‹±é›„ï¼Œé¬¼é­‚ä¹Ÿå¥½çœ‹ã€‚è¯å” æ¢—ï¼Œé£žè™«æ®‰èŒæ¢—ï¼Œè€çˆ¶äº²æŠ¤ç™½èœæ¢—ï¼Œèº«æçŸ­å°æ¢—ï¼Œæ¯ä¸€ä¸ªéƒ½æ°å½“å¥½å¤„ï¼Œä¿ç½—è·¯å¾·æ¯”éº¦å…‹æ—¶æœŸä¼šæ¼”å¤ªå¤šäº†ã€‚è¿™ä¸ªç³»åˆ—æ˜¯æ¼«å¨æœ€ä½³ï¼Œä¸æŽ¥å—ä»»ä½•åé©³
329,ç§å©¯,0,æŽ¨è,èŽ«é‡Œè¥¿ç‚¹å”±æœºå“ªé‡Œæœ‰
330,Noel,1,è¿˜è¡Œ,ç¬¬ä¸€éƒ¨å½©è›‹å°±æ˜¯æœ€äº®çš„ï¼Œæ²¡æƒ³åˆ°ç¬¬äºŒéƒ¨çš„å½©è›‹æ›´ä¸Šä¸€å±‚ï¼èšäººåº”è¯¥æ”¹åå«å½©è›‹ä¾ ï¼
331,æ€è·¯ä¹,2,å¾ˆå·®,çœ‹çš„å›°æ­»äº†
332,æŠ è„šè¯—äºº,0,æŽ¨è,åŽŸç‰ˆç‰‡åå«åšAnt-Man and the Waspè€Œä¸æ˜¯Ant-Man2è¿˜æ˜¯å¾ˆæœ‰é“ç†çš„hhhèšäººå”¯ç‹¬åœ¨å½©è›‹é‡Œå±•ç¤ºäº†ä¸€ä¸‹è‡ªå·±çš„ä¸»è§’åœ°ï¼ˆguangï¼‰ä½ï¼ˆhuanï¼‰
333,å°‘å¹´å¤ä¸å®‰,0,è¿˜è¡Œ,7.5 æ¯”ç¬¬ä¸€éƒ¨æ¬¢ä¹å¾ˆå¤šï¼Œè¿½è½¦æˆå¾ˆç²¾å½©ï¼Œå¢žåŠ äº†å·¨äººå½¢è±¡+ï¼Œé»„èœ‚å¥³ï¼Œéšå½¢å¥³ï¼Œè¯å” é…è§’+è¢«è€çš„fbiä¹Ÿç›¸å½“æœ‰æ„æ€ï¼Œç»“å°¾å½©è›‹å¿ƒæªæªï¼ŒæœŸå¾…3
334,æ¯”å¤š,0,è¾ƒå·®,æŠ±æ­‰å•Šâ€¦â€¦å¯èƒ½æ˜¯ä¸€éƒ¨ä¸é”™çš„çˆ†ç±³èŠ±ç”µå½±â€¦â€¦å¯æ˜¯æˆ‘çœŸçš„è¢«çŒä¸è¿›åŽ»â€¦â€¦
335,Dita,0,æŽ¨è,ç¿»è¯‘å¤ªç‰›æ¯”äº†ï¼Œæœ‰æ¢—æœ‰æŠ¼éŸµåˆä¸å¤±å¹½é»˜ï¼Œä¸ºç”µå½±åŠ åˆ†ä¸å°‘ã€‚ç”µå½±æœ¬èº«å‰§æƒ…ä¸€èˆ¬èˆ¬ï¼Œä¸è¿‡èšäººçš„çœ‹ç‚¹æ°¸è¿œæ˜¯å®ƒçš„å–œå‰§æ•ˆæžœ
336,"""eMily""â”†rehab",0,åŠ›è,å’Œç¬¬ä¸€éƒ¨ä¸€æ ·ä¼˜ç§€ï¼Œå’Œå…¶ä»–è¶…è‹±çš„ä¸åŒä¹‹å¤„ï¼Œã€Šèšäººã€‹ç³»åˆ—æ˜¯è½»å–œå‰§åŒ…è£¹çš„å®¶åº­äº²æƒ…æ•…äº‹ç”µå½±ï¼Œåˆ«çš„è‹±é›„éƒ½åœ¨æ‹¯æ•‘åœ°çƒå’Œå®‡å®™ï¼Œè€Œä»–ä»¬åªæ˜¯åœ¨æ‹¯æ•‘å®¶åº­ã€‚å‰ä½œæ›´å¤šçš„æ˜¯å’Œã€Šé“¶æŠ¤ã€‹çš„æ¯”è¾ƒï¼Œç¬¬äºŒéƒ¨å¯ä»¥å¤§å¤§æ ‘ç«‹è‡ªå·±çš„æ‹›ç‰Œäº†ï¼æœ€åŽè¯´ä¸€å˜´é‚£ä¸ªå½©è›‹ï¼Œä½ æ˜¯é­”é¬¼å—ï¼
337,ç¬›å’–å°”,0,æŽ¨è,å¤ªå¥½çœ‹äº†å•Šï¼ï¼
338,çŠ¯æ€µä¸­çš„å«Œç–‘å–µ,0,è¿˜è¡Œ,å¢¨è¥¿å“¥äººè„±å£ç§€é‚£æ®µå¥½çŽ©ï¼Œè¿˜æœ‰æµ·é‡Œå˜èº«é‚£æ®µ
339,è¥¿å†³,0,æŽ¨è,è¿™ä¸¤å¹´å‡ éƒ¨æ¼«å¨éƒ½è®©æˆ‘å¾ˆå¤±æœ›ï¼Œè¿™éƒ¨èƒœåœ¨å¹½é»˜
340,æ“å®‰å§,0,è¿˜è¡Œ,è½»æ¾æžç¬‘
341,æ•£äº•,1,è¿˜è¡Œ,å¦‚æžœå¹½çµä¹Ÿç®—åæ´¾ï¼Œé‚£å¥¹å°±æ˜¯æ¼«å¨å®‡å®™æœ€å¼±åæ´¾ï¼Œæ¯”å°èœ˜è››çš„äººè‚‰å¯¹æ‰‹ç§ƒé¹«è¿˜å¼±ã€‚å‰§æƒ…æ•´ä¸ªå°±æ˜¯åˆå®¶æ¬¢ï¼Œæ¬¢ç¬‘æœ‰ä½™ï¼Œâ€œæ¼«å¨æ„Ÿâ€ä¸è¶³ï¼›æ‰¿ä¸Šæœ‰ä½™ï¼Œå¯ä¸‹ä¸è¶³ã€‚å¦‚æžœåŽ»æŽ‰ç¬¬ä¸€ä¸ªå½©è›‹ï¼Œå³ä½¿ä¸çœ‹å…¶ä»–æ¼«å¨ç”µå½±ä¹Ÿä¸å½±å“å‰§æƒ…ã€‚å¥½å°´å°¬å“¦ã€‚
342,äºŒè´§äº‘,0,è¿˜è¡Œ,Ant.Man.and.the.Wasp.2018.1080p.WEB-DL.DD5.1.H264-FGT
343,å°äºŒ,0,æŽ¨è,ä½œä¸ºmarvelçš„æœ€çˆ±ç³»åˆ—ï¼Œçœ‹å¾—å¼€å¿ƒï¼æˆ‘å¸Œæœ›ä»¥åŽæˆ‘ä¹Ÿæœ‰ä¸ªè€å…¬èƒ½è¿™æ ·å¸¦ç€å­©å­åœ¨å®¶é‡ŒçŽ©å¯»å®ï¼Œç”·æœ‹å‹è¯´ï¼Œé¦–å…ˆæˆ‘ä»¬å¾—æœ‰è¿™ä¹ˆå¤§çš„æˆ¿ã€‚è¿™æ­£æ˜¯æˆ‘çš„è¨€ä¸‹ä¹‹æ„å•Šï¼
344,å½±ä¸­ä¸–ç•Œ,0,æŽ¨è,å¯å¤§å¯å°çš„æˆ¿å±‹ã€è½¦è¾†å’Œäººï¼Œåœ†äº†æˆ‘å°æ—¶å€™çš„æ¢¦ã€‚æ‰“æ–—å¾ˆç²¾å½©ï¼Œå¿½å¤§å¿½å°ã€‚ç¬¬ä¸€ä¸ªå½©è›‹å¤ªè¯¡å¼‚ï¼Œä¸å¤ªæ»¡æ„ï¼Œå‡ä¸€æ˜Ÿã€‚
345,å£¹å®‰Â²,1,æŽ¨è,è¿™éƒ¨çˆ†ç±³èŠ±äº²æƒ…çˆ±æƒ…ç‰‡è¿˜æ˜¯ä¸é”™çš„ï¼Œæ‰€ä»¥ä¸è¦åœ¨æ„30å¹´åƒä»€ä¹ˆä¼šå˜è€è¿™ç§é—®é¢˜ã€‚ç”·ä¸»å’Œé˜¿æ±¤å“¥ç«Ÿç„¶è¿˜æŒºåƒçš„
346,æ–‡æ£®ç‰¹,0,åŠ›è,Marvelä½ æ˜¯ç‹—å— æ˜¯ç‹—å— å°±æˆ‘åˆšä»Ž4æœˆçš„ä¼¤ç—›é‡Œæ¢å¤è¿‡æ¥ä½ å°±è®©æˆ‘èŠ±10å—é’±è¿›ç”µå½±é™¢å†æ¬¡è¢«æ‰“è„¸ é…ä¸€ä¸ªç¬‘å®¹æ¸æ¸æ¶ˆå¤±çš„è¡¨æƒ…åŒ…ï¼šå“æŒ‡æ‰“å¾—å¥½ ä¸€ä¸ªè·‘ä¸äº†ï¼
347,Zhang Yixin,0,è¿˜è¡Œ,ä¸­è§„ä¸­çŸ©ï¼Œ3.5ï¼Œå…¨ç‰‡éƒ½æ²¡ç¬¬ä¸€ä¸ªå½©è›‹å¥½çŽ©
348,Vinceâ™«,0,è¿˜è¡Œ,æ”¶ç¼©æ¢—ç”¨å¾—æ›´åŠ çº¯ç†Ÿäº†ï¼ŒåŸºæœ¬ä¹è¶£ä¹Ÿå°±å»ºç«‹åœ¨å…¶ä¹‹ä¸Šï¼Œå¯»æ‰¾æ¯äº²çš„ä¸»é¢˜ä¸æ˜¯å¾ˆå¸å¼•äººï¼Œè¿˜ä¸å¦‚èšäººå’Œå¥³å„¿çš„ç›¸å¤„æœ‰æ„æ€ï¼Œåæ´¾è¿‡äºŽæ‚ä¹±ä¸”æˆ˜æ–—åŠ›å¼±ï¼Œå¹½çµå¥³è¢«ç±³æ­‡å°”Â·è²ä½›çž¬é—´æ²»æ„ˆæ˜¾å¾—è¿‡äºŽå®¹æ˜“ï¼Œç»“å°¾æ±½è½¦å½±é™¢çš„ç‚¹å¾ˆæœ‰åˆ›æ„ã€‚
349,çº¿çº¿,0,æŽ¨è,è™½ç„¶è¯´è¿™æ˜¯ä¸ªç¬¬ä¸€å½©è›‹æ¯”æ­£ç‰‡å¥½çœ‹çš„ç”µå½±ï¼Œä½†æ˜¯ä¸å¦¨ç¢ä½ åŽ»å½±é™¢æŠ±ç€çˆ†ç±³èŠ±å¼€å¿ƒé‚£ä¸¤å°æ—¶ã€‚æ¯•ç«Ÿæ ¹æ®å„ç§æ•…äº‹è§£æžä¸“å®¶çš„å¸–å­ï¼ŒèšäººäºŒå¯æ˜¯å¦‡è”å››çš„ä¸€æŠŠé”ã€‚å·®ä¸å¤šè§‚å½±æ„Ÿè§‰å°±æ˜¯ç›®å…‰å‘†æ»žçš„å“¦ï½žä¸Šå‡ä¸ºå°ç‡•å­çš„é‚£ç§å“¦ï¼Ÿè‡ªå·±ä½“ä¼šä¸€ä¸‹ã€‚æ¯•ç«Ÿæˆ‘ä¹Ÿä¸æ‡‚é‡å­ã€‚
350,éœ²å¯å°æºª,1,è¿˜è¡Œ,æ¯”ç¬¬ä¸€éƒ¨ç•¥å¼ºäº†ä¸€äº›ï¼Œåæ™ºçš„ä¸œè¥¿å°‘äº†äº›ï¼Œä¸è¿‡å¤§éƒ¨åˆ†ç¯‡å¹…ä¹Ÿæ˜¯åœ¨ä¸ºä¹‹åŽçš„å‰§æƒ…é“ºåž«æˆ–åŽ»å¡«ä¹‹å‰æŒ–çš„å‘â€¦â€¦åƒç¯‡ä¸€å¾‹çš„è¶…çº§è‹±é›„ç”µå½±éƒ½å¥”ç€ç”µè§†å‰§çš„å¥—è·¯åŽ»æ‹äº†ï¼Œæˆ‘è¿˜æ˜¯æƒ³çœ‹ä¸ªèƒ½è¸è¸å®žå®žè®²æ•…äº‹çš„ç”µå½±ï¼Œæ¯”å¦‚å½“å¹´è¯ºå…°çš„è™è ä¾ ä¸‰éƒ¨æ›²â€¦
351,mymike,0,è¾ƒå·®,é™¤äº†ä½©å°¼äºšçš„è´¯å£ä¹‹å¤–æ²¡ä»€ä¹ˆå¥½çœ‹çš„ 4.1/10
352,Zcc911,0,è¾ƒå·®,æ²’æœ‰ç¬¬ä¸€éƒ¨å¥½çœ‹ï¼Œåƒå¼·æ‰­çš„ç“œ
353,ä¸€ä¸€,0,è¿˜è¡Œ,å˜å¤§å˜å°ä¾æ—§å¥½çŽ©ï¼Œä¸è¿‡å¯¹é‡å­äºŒå­—çš„ç†è§£çœŸæ˜¯å¥½é­”å¹»å¥½å­—é¢å“¦èƒ½ä¸èƒ½æœ‰ç‚¹ç§‘å­¦ä¾æ®å•Š
354,é¾™çš‡,0,åŠ›è,äº”æ˜Ÿå¥½çœ‹ï¼Œæœ€è¿‘çœ‹è¿‡æœ€æ£’çš„è‹±é›„ç‰‡
355,arthuria,0,æŽ¨è,æ•´åœºç”µå½±ç¬‘å£°ä¸æ–­ æ‰€æœ‰æ¢—éƒ½å¾ˆè‡ªç„¶ ä¸å°´å°¬ æ€»ä½“ä¸Šæ¥è¯´å°±æ˜¯å¯ä»¥è®©äººåœ¨çœ‹å®Œä¹‹åŽå¿ƒæƒ…å¤§å¥½çš„å½±ç‰‡ å½©è›‹éƒ¨åˆ†ä¸ŽInfinity Warè¿žæŽ¥ ä½†è¿™è®©å½±ç‰‡çš„æ ¼å±€çªç„¶å°´å°¬ æ¯•ç«Ÿä¸€è¾¹æœ‰ä¸€æ•´é˜Ÿè‹±é›„è§£å†³äººç±»ç”Ÿå­˜çš„é—®é¢˜ è¿™è¾¹å´æœ‰ä¸€é˜Ÿç§‘æŠ€å®žåŠ›ä¸ä¿—çš„äººåœ¨æ‰¾å¦ˆå¦ˆ å½“ç„¶è¿™éƒ½ä¸æ˜¯ä»€ä¹ˆå¤§é—®é¢˜ çœ‹ç”µå½±å˜› å½“ç„¶è¿˜æ˜¯å¼€å¿ƒæœ€é‡è¦
356,ç³–ä»™è´,1,è¾ƒå·®,å°åº¦è£”åŽè£”éƒ½è¢«æ ‡ç­¾è´´æˆäººæ¨¡ç‹—æ ·ï¼Œä¸çŸ¥é“ç¡…è°·çŽ°åœ¨è°å«è°çˆ¸ã€‚
357,æ±Ÿå¯’å›­,0,è¿˜è¡Œ,æ‰“æ‰“é—¹é—¹åˆä¸€é›†ã€‚
358,baobaodu,0,æŽ¨è,æ¼«å¨çœŸæ˜¯åœ°ç›˜æ‰©å¼ è¶Šæ¥è¶Šå¤§ï¼Œèšäººä¹Ÿæˆä¸ºç³»åˆ—äº†ï¼Œè¯è¯´ï¼Œèšäººå˜å¤§å˜å°çš„èƒ½åŠ›çœŸæ˜¯å¤ªæ–¹ä¾¿äº†ï¼Œè¿™æ ·éƒ½ä¸éœ€è¦æ‹…å¿ƒåœè½¦ï¼Œè´Ÿé‡ä»€ä¹ˆçš„ï¼Œè¿žæˆ¿å­éƒ½å¯ä»¥å˜å°å¸¦èµ°~~~~~~~
359,è¶…cuteä¾ ,0,è¿˜è¡Œ,æˆ‘è¯´GHOSTé‚£ä¹ˆçœ¼ç†Ÿ~è¿™å˜å¤§å˜å°å’Œå˜æ¢èƒ¶å›Šä¸€æ ·é€†å¤©~
360,ç¾æ˜Ÿä¸‹çš„ç”·äºº,0,æŽ¨è,è®²çœŸæˆ‘è§‰å¾—èšäººä¸§èŒä¸§èŒçš„ï¼Œæ»‘æ¿è½¦å’Œæµ·é¸¥é‚£é‡Œå…¨åœºéƒ½ç¬‘æƒ¨äº†ï¼Œå°å“¥åçœŸå‰‚ä¸è¦åœï¼Œå“ˆå“ˆã€‚
361,å­‘ç„¶æ®‡é€,0,æŽ¨è,èšäººæ˜¯å¤è”è¿™ç³»åˆ—å”¯ä¸€æžç¬‘èµ·æ¥ä¸å°´å°¬çš„ï¼ˆæ²¡é”™è¯´çš„å°±æ˜¯ä¸è¦ç»™é›·ç¥žå¼ºæŒ‰ç¬‘ç‚¹äº†
362,æ—¥è€³man,0,è¿˜è¡Œ,æ¬¢ä¹çš„å­¤èƒ†è‹±é›„
363,Castieal,2,è¿˜è¡Œ,å½©å¼¹çœŸçš„æ˜¯å–‚å±Žã€‚ã€‚
364,å¤§é»‘éª¡å­,0,è¿˜è¡Œ,ä¹Ÿå°±é‚£æ ·å§ï¼Œæœ‰è¶£ã€‚
365,é“æ‰“çš„lulu,2,è¿˜è¡Œ,å®¶åº­ä¼¦ç†å‰§
366,Lin,1,æŽ¨è,èƒ½åŠ›å¤ªé…·äº†ï¼Œéšä¾¿æ‹æ‹éƒ½å¥½çœ‹å•Šï¼ŒAvaç¾Ž
367,é»‘ç‹—æˆ,0,æŽ¨è,å¤§é¤å‰çš„snack
368,saturdaylou,1,è¿˜è¡Œ,@ ugc cinÃ© citÃ© les halles
369,è¿žè¾°æ™“,0,è¿˜è¡Œ,ç”¨ä¸¤ä¸ªå°æ—¶å–œå‰§ç‰‡ç»™ã€Šå¤è”4ã€‹åšä¼ç¬”ï¼Œæ¼«å¨æœ‰å¿ƒäº†ã€‚
370,é£Žèˆžç‹‚æ¾œ,0,è¿˜è¡Œ,ä¸‹ä¸€éƒ¨è¯·ç»§ç»­ç»™è¯ç—¨å°å“¥maxé•œå¤´è°¢è°¢ï¼
371,Quill,0,æŽ¨è,æ¸©é¦¨é€—æ¯”åˆå®¶æ¬¢è·¯çº¿ï¼Œç¼ºä¹æ¿€æƒ…å’Œé«˜æ½®ã€‚
372,å‡è‚¥å‡è‚¥å‡è‚¥,0,è¾ƒå·®,èšäººå˜å¤§å˜å°å˜æ¼‚äº®ï¼ˆè¯¯ï¼‰çš„ç‰¹æŠ€è¿˜æ˜¯å¾ˆæœ‰è¶£ï¼Œè¡—å¤´å˜å¤§åŽæ‹¿å¹³æ¿è½¦å½“æ»‘æ¿è½¦ä»€ä¹ˆçš„ã€‚è¿™ä¸€é›†çš„ä¸»çº¿æ˜¯æ‰¾å›žæ»žç•™é‡å­é¢†åŸŸä¸‰åå¹´çš„è€é»„èœ‚å¥³ï¼Œä½†æ˜¯åæ´¾çš„å®‰æŽ’å‘¢ï¼Œå°±ä¹±ä¸ƒå…«ç³Ÿçš„ï¼Œè®¡æœ‰ï¼šå¦„æƒ³å æœ‰é»„èœ‚å¥³é‡å­èƒ½é‡ä»Žè€Œæ²»æ„ˆè‡ªå·±è™šå¹»åŒ–èº«ä½“çš„è‡ªç§å¥³ã€å§‹ç»ˆè¦æŠŠç”·ä¸»é€®æ•çš„FBIã€æŠ¢å¤ºç§‘ç ”å¤§æ¥¼çš„å†›ç«è´©å­ã€‚ä»Žèƒ½åŠ›ä¸Šè®²ï¼Œè¿™äº›äººéƒ½æ ¹æœ¬ä¸å¤Ÿçœ‹ï¼Œè™šåŒ–å’Œå˜å°è¿™ä¸¤ç§èƒ½åŠ›çš„æˆ˜æ–—åœºé¢ä¹Ÿçœ‹çš„äººå¤´ç–¼ï¼Œå…¶å®žåŽä¸¤ç»„ä¸»è¦æ˜¯æ’‘èµ·å–œå‰§æ°›å›´ï¼ŒåçœŸå‰‚å•Šç‰‡å°¾åŽè£”æŽ¢å‘˜è¢«ç”·ä¸»å¸¦æ²Ÿé‡Œçš„é‚€è¯·å•Šæ‹‰ä¸åŠ©æ‰‹çš„å†åº¦é…éŸ³æ¼”ç»Žå•Šä»€ä¹ˆçš„ï¼Œä½†è™šåŒ–å¥³çš„éƒ¨åˆ†æ¼”çš„å¤ªè‹¦å¤§ä»‡æ·±äº†ï¼Œè¿™ä¸ªäººç‰©åˆè‡ªç§åˆè‹¦é€¼åˆè·Ÿå…¨ç‰‡æ°›å›´æ ¼æ ¼ä¸å…¥ï¼Œç¼–å‰§å¼ºè¡Œå¡žè¿›æ¥ä¸€ä¸ªåæ´¾çš„åŠ¨æœºå¤ªå¼ºçƒˆäº†ç‚¹å„¿ã€‚ç‰‡å°¾å½©è›‹è¡”æŽ¥å¤è”ä¸‰å¾ˆç´§
373,èƒ¸å£ç¢Žå¤§çŸ³,0,è¿˜è¡Œ,å˜»å˜» ç¾Žå›½ç”µå½± æžœç„¶è¿˜æ˜¯ç”µè„‘ä¸Šçœ‹æ¯”è¾ƒé¡ºå¿ƒ
374,eclipseRF,1,æŽ¨è,è¿˜æŒºå–œæ¬¢çš„ï¼Œmichael penaçš„recapå‡ºäº†å½±é™¢æƒ³èµ·æ¥è¿˜ä¼šè§‰å¾—å¥½ç¬‘ã€‚æƒ³äº†æƒ³å¯èƒ½è¿™éƒ¨æˆ‘æ›´å–œæ¬¢Evangeline Lillyäº†ï¼Œçœ‹ç¬¬ä¸€éƒ¨çš„æ—¶å€™ä¸€ç›´åœ¨æƒ³â€œå¥¹æ˜¯å“ªæ ¹è‘±â€ã€‚paul ruddä¸€å¦‚æ—¢å¾€åœ°å¯çˆ±ï¼Œæ¯”å¾ˆå¤šæ¼«å¨çš„å•äººç”µå½±ä¸»è§’ç»™æˆ‘çš„æ„Ÿè§‰éƒ½è¦å¥½ã€‚æœ€åŽå”¯ä¸€å›°æ‰°æˆ‘çš„å¤§æ¦‚å°±æ˜¯ï¼šé‚£ä¸ªå¹½çµçš„çˆ¹åˆ°åº•æ˜¯ä¸æ˜¯å›å¾’å•Šï¼ï¼ï¼çš®å§†åˆ°åº•è¡Œä¸è¡Œå•Šï¼ï¼ï¼
375,ä¸€è„¸æ¨ªè‚‰å¼ å°æ™’,0,è¾ƒå·®,é™¤äº†SFè¿™ç§ç†Ÿæ‚‰æ„Ÿä»¥å¤–ï¼Œä¸€æ— æ˜¯å¤„ï¼Œå‡ ä¹Žæ˜¯æœ€å¤±è´¥çš„åæ´¾è§’è‰²ã€‚
376,å¤œæ½‡ç‹‚,0,è¾ƒå·®,å¦‚æžœè¯´å‰ä¸€éƒ¨çš„å˜´ç‚®å’Œæ’ç§‘æ‰“è¯¨æ˜¯ä¸ºäº†å‡¸æ˜¾è§’è‰²æ€§æ ¼è®©äººçœ¼å‰ä¸€äº®çš„è¯ ç¬¬äºŒéƒ¨å°±å·²ç»æ˜¯é»”é©´æŠ€ç©·æŠŠå‰ä¸€éƒ¨çš„ç¬‘ç‚¹æ‹¿è¿‡æ¥å†ç”¨ä¸€é å¦‚æžœè¯´å¤è”3è™½ç„¶ä¸å¥½å¥½è®²æ•…äº‹äº†ä½†å¥½æ­¹è¿˜æœ‰ä¸ªå‰§æƒ…é€»è¾‘çš„è¯ èšäºº2å·²ç»è¿žå‰§æƒ…å’Œé€»è¾‘éƒ½æŠ›é™¤äº† è‡³äºŽæ¯«æ— ç–‘é—®çš„æ¼«å¨é£Žæ ¼æ‰“æ–—åœºé¢ä¸æä¹Ÿç½¢äº† çœŸæ˜¯å¥½ä¸€ä¸ªæ¼«å¨æœ€â€œä½³â€
377,å®™æ–¯babe,0,æŽ¨è,æ¼«å¨æœ€å¥½çœ‹çš„ç”µå½±
378,çº¢å¶@æä¸èµ·åŠ²,0,æŽ¨è,è¿˜ä¸é”™ï¼Œå¥½åƒè¿™èƒ½åŠ›ä¹Ÿæ˜¯å¾ˆæžé™äº†â€¦â€¦ç¬¬äºŒä¸ªå½©è›‹å·®è¯„
379,Chaall,0,è¿˜è¡Œ,å¾ˆé¡ºæºœçš„çˆ†ç±³èŠ±ç”µå½±ã€‚
380,åŒ–ç†Šå‡ºçˆª,0,æŽ¨è,å’Œå¦‡è”4è¡”æŽ¥ã€‚
381,é©¬è¥¿å˜»å˜»å˜»,0,åŠ›è,"ç”·ä¸»é‚£å‡ ä¸ªæ²™é›•åŸºå‹å¯æŠŠæˆ‘ç»™ä¹åäº†ã€‚å›žåˆ°é‡å­ä¸–ç•ŒåŽ»æ‰¾è€å©†ï¼ˆå¦ˆå¦ˆï¼‰è¿™ä¸ªä¸»é¢˜ä¹Ÿå¾ˆæ£’ã€‚
å…¨ç‰‡éƒ½æ˜¯å˜å¤§å˜å°å˜æ¼‚äº®ï¼ˆè¯¯ï¼‰çš„æ¢—ï¼Œå¾ˆç¬¦åˆæˆ‘çš„å£å‘³[ã€‚ç»“å°¾å½©è›‹å’Œç­éœ¸çš„å“æŒ‡è¿žä¸Šäº†ã€‚
ï½žæ€»ä¹‹ï¼Œå¾ˆæ¬¢ä¹"
382,éº¦å°ç™½,0,è¿˜è¡Œ,8æœˆä»½çš„å°¾å·´ï¼Œå­©å­ä»¬ç»ˆäºŽèƒ½çœ‹åˆ°ä¸€ä¸ªæ­£ç»çš„åˆå®¶æ¬¢çœŸäººç”µå½±
383,å…‰æ˜Žå°å–éƒ¨ðŸŒˆ,3,æŽ¨è,2018å¹´8æœˆ24æ—¥16:05ï¼Œä¸­éƒ½å½±åŸŽ
384,42|oâ—Ã¶,0,æŽ¨è,ä½œä¸ºåˆå®¶æ¬¢ç‰‡4â­ï¼Œä½œä¸ºæ¼«å¨æ‰¿ä¸Šå¯ä¸‹ç‰‡3â­
385,Jane,0,æŽ¨è,â˜…â˜…â˜…â˜…å¬‰ç¬‘æ€’éª‚çš„æ‰“æ–—ï¼Œä¸Žä¼—ä¸åŒçš„è¶…çº§è‹±é›„ï¼Œå”¯ä¸€çš„ç¼ºé™·æ˜¯åæ´¾å¤ªå¼±ã€‚
386,å·¦èƒ¸ä¸Šçš„å¸ç›˜,0,è¿˜è¡Œ,"çœ‹åˆ°å¾®ç¼©æ±½è½¦å¤§å–Šä¸€å£°â€œé¾™ç â€å¯è¿˜è¡Œã€‚
#æš´éœ²å¹´é¾„"
387,å¾ˆå¥½å¾ˆä¼šåƒç±³,0,æŽ¨è,18/8/25å¾·å…´æ¿€å…‰åŽ…3å¾˜/23å…ƒã€‚ä½ç½®ä½³ï¼Œ3Dæ•ˆæžœæœ‰ç‚¹è¿‡å¤´ï¼Œå°¤å…¶æ˜¯å¼€å¤´éƒ¨åˆ†ã€‚é»„èœ‚å¥³åŽ¨æˆ¿æ‰“æ–—å…¨åœºæœ€ä½³ï¼Œç›ç“¶ä¸ºå¢™ï¼Œé£žåˆ€èµ°å£...
388,cyberlander,0,åŠ›è,æˆ‘ä»¥ä¸ºçœ‹å®Œäº†å¯ä»¥è§£ç­”ä¸€äº›æ— é™æˆ˜äº‰çš„ç–‘æƒ‘ï¼Œç»“æžœæ˜¯å¯¹è°œé¢˜æ›´åŠ çš„ç©ºè™šã€‚
389,æ–‡è¥¿,2,è¿˜è¡Œ,æ–°å¥‡
390,çŒ«å°ç¥,0,åŠ›è,æ¡¥æ®µè®¾è®¡ä¾æ—§å¥½çŽ©ï¼Œæ¼«å¨æœ€é€—è¶£ç³»åˆ—ï¼Œä¿ç½—çµé­‚æ¼”æŠ€è®©äººè¿·é†‰â€¦â€¦ç‰‡å°¾å­—å¹•èšäººå’Œé»„èœ‚å¥³å›žå½’ï¼Ÿä¸è¦é—®å·å¿…é¡»å›žå½’ï¼
391,æŽæ£‚å¤DKsnow,0,æŽ¨è,ä¸€å¸¦é»„èœ‚å¥³æ¯”äºŒä»£è¿˜å¥½çœ‹ï¼Œä½†æ˜¯å¥½æƒ¨ï¼Œè¢«å›°30å¹´ï¼Œè¢«æ•‘å‡ºæ¥æ²¡ä¸¤å¤©å°±å˜ç°äº†
392,Sally?imdb9?9,0,è¿˜è¡Œ,ç¬¬ä¸€ä¸ªå½©è›‹æ˜¯æœ€å¤§äº®ç‚¹ã€‚
393,ä»˜çŽ²,0,è¿˜è¡Œ,è¿™ä¹Ÿæ˜¯ä¸ªä¸­è€å¹´è°ˆæ‹çˆ±çš„æ•…äº‹ï¼Œæƒ³è¦é‚£ä¸ªæ‹‰æ†ç®±ã€‚å¦å¤–æƒ³è¯´åœ¨æ—§é‡‘å±±æ‹å¾ˆé€‚åˆï¼Œæˆ–è€…è¯´å¾ˆå¥½åœ°åˆ©ç”¨äº†æ—§é‡‘å±±çš„ç‰¹è‰²ã€‚
394,Wayne,0,è¿˜è¡Œ,å‘ƒ...æˆ‘éžå¸¸å–œæ¬¢æ€Žä¹ˆåŠž...ä¸çŸ¥é“æ˜¯ä¸æ˜¯å› ä¸ºåœ¨æ¹¾åŒºæ‹çš„æˆ–è€…æŸè‘—åæ ¡é—¨çš„å‡ºçŽ°æˆ–è€…å„ç§bay areaäººæ°‘çš„inside joke...åæ­£æ˜¯ä»Šå¹´æš‘å‡çˆ†ç±³èŠ±é‡Œé¢å¾ˆå¥½çš„ä¸€éƒ¨äº†
395,ç¼ç¼è£´è´¨,0,è¿˜è¡Œ,å¨±ä¹å°±å¥½ï¼Œç”µå½±ä¸­çš„ç‰©ç†é—®é¢˜å¤ªå¤šäº†ï¼Œå°½ç®¡æ¼«å¨çš„è®¾å®šæ˜¯åœ¨å¹³è¡Œå®‡å®™ã€‚
396,ä¸è„±è¢œå­åŒå­¦,0,è¿˜è¡Œ,çœ‹å®Œä¹Ÿæ²¡æžæ˜Žç™½ï¼šé»„èœ‚å¥³åˆ°åº•æ˜¯è°ï¼Ÿ
397,ç¿¦çž³å„¿,0,æŽ¨è,éžå¸¸çˆ†ç¬‘ï¼Œå²³æ¯é™„èº«çš„ä¸€æ®µå¥½ç¬‘åˆ°å¤±åŽ»ç†æ™ºã€‚
398,åç ç å,0,æŽ¨è,åæ´¾å¤ªå¼±è§£æ•‘å¾—ä¹Ÿå¦‚åŒå„¿æˆ ä½†æ˜¯çœŸçš„å¾ˆè½»æ¾å¥½ç¬‘å•Šå“ˆå“ˆå“ˆå“ˆ
399,ä¸Žå½±ç‰µæ‰‹,0,è¿˜è¡Œ,ä»¤äººç–‘å¿ƒè¿ªå£«å°¼çœŸçš„å¼€å§‹é‡‡ç”¨AIåˆ›ä½œäº†ã€‚
400,windyisallin,0,è¿˜è¡Œ,åœ¨æˆ‘çœ‹æ¥ï¼Œå¦‡è”4ä¹‹å‰çš„ç‰‡å­éƒ½æ˜¯é¢„å‘Šç‰‡ï¼Œå…¨ç‰‡æŠµä¸ä¸Šç¬¬ä¸€ä¸ªå½©è›‹ã€‚
401,é£Žä¸Žé£Žçš„ç¼éš™,0,æŽ¨è,æˆ‘æœ‰ä¸€ä¸ªä»™å¥³å²³çˆ¶ å˜å¤§å˜å°å˜æ¼‚äº®
402,éºŸ,0,è¿˜è¡Œ,é™¤äº†æžç¬‘ä¹Ÿæ²¡å•¥äº†å§
403,Oumuamua,0,è¿˜è¡Œ,å¤§å®¶æ˜¯éƒ½æ²¡çœ‹è¿‡é¾™ç ï¼Ÿåªæœ‰è·¯æ˜“æ–¯æ²¡æœ‰è®©æˆ‘å¤±æœ›
404,ç†Šå‡æ ‘,0,è¿˜è¡Œ,"åˆåï¼šå°èš‚èšæ‰¾å¦ˆå¦ˆã€‚
è¿™éƒ¨ç•¥é€Šè‰²ç¬¬ä¸€éƒ¨å•Šï¼"
405,å½±å¯ç¼˜æœ«,0,è¿˜è¡Œ,é€—æ¯”èšäººåŠå„¿éƒŽå½“çš„åšä»»åŠ¡ï¼Œå¯èƒ½å› ä¸ºä»»åŠ¡å¤ªç®€å•äº†
406,é£Žé›¨æš—èŠ±,0,è¾ƒå·®,æžå…¶å¹³æ·¡ã€‚
407,å”å°ä¸‡,1,è¿˜è¡Œ,èµ°æ‰“å˜´ç‚®æ’ç§‘æ‰“è¯¨è·¯çº¿ æ¯”æ­»ä¾è¿˜æ˜¯å·®ä¸€ä¸ªæ¡£æ¬¡ å‰§æƒ…ä¸­è§„ä¸­çŸ© ç¬¬ä¸€å½©è›‹å’Œå¦‡è”æŽ¥è½¨ ç¬¬äºŒå½©è›‹ç•¥æ— èŠ 19/07/2018 ugc Les Halles
408,æ¢¦é‡Œæ¢¦å¤–æ¢¦æ±Ÿå—,2,è¿˜è¡Œ,å½©è›‹æ‰¿æŽ¥å¤è”3åŒ–ç°ï¼ŒæŠ€æœ¯ä¸Šæ— éžäººã€æ±½è½¦ã€å®žéªŒå®¤ã€èš‚èšå„ç§å˜å°å˜å¤§ï¼Œå¤–åŠ ä¸€ä¸ªå¦‚å¹½çµèƒ½éšèº«çš„å¥³å­©ï¼Œé‡å­ç©ºé—´æ— éžèŠ±èŠ±ç»¿ç»¿ï¼Œæ²¡æœ‰å®žä½“ï¼Œæ–¯ç§‘ç‰¹è·Ÿè­¦å¯ŸçŽ©äº†ä¸€ç§æ˜ŽçŸ¥æ˜¯å‡çš„ç¦è¶³æ¸¸æˆï¼ŒåŠæˆå“çš„æˆ˜è¡£è·Ÿæ–¯ç§‘ç‰¹çŽ©äº†ä¸€ç§å…³é”®æ—¶åˆ»æŽ‰é“¾å­çš„æ¸¸æˆã€‚
409,æµ·è‹¥,0,è¾ƒå·®,å‰§æƒ…å‘çš„ä¸œè¥¿å¼±ï¼Œé å˜´ç‚®å’Œäººç‰©æ’‘èµ·å…¨ç‰‡ã€‚è¯·ä¸è¦ç­‰ç¬¬äºŒä¸ªå½©è›‹ï¼
410,littletwo,0,æŽ¨è,æ­£ç‰‡ä¸€èˆ¬èˆ¬ã€‚å½©è›‹è™½ç²¾å½©ï¼Œç»†ç»†ä¸€æƒ³ï¼Œæ—¶é—´å¯¹ä¸ä¸Šã€‚
411,æ¦•åä¸‰,0,è¿˜è¡Œ,å†²æˆ‘å¥³ç¥žçš„ä¸‰åˆ†é’Ÿæˆä»½çœ‹çš„ðŸ˜‚ã€‚ã€‚åæ´¾æ˜¯æ¥å–èŒçš„å§ðŸ˜‚è¿™æ˜¯ä¸€éƒ¨å–œå‰§ç‰‡ã€‚æ„Ÿè§‰æ˜¯é¢å‘15å²ä»¥ä¸‹è§‚ä¼—ç¾¤çš„ï¼Œç¬‘æ–™å¾ˆè¶³ï¼Œç”·ä¸»å°½åŠ›äº†ï¼Œç›®å‰æ¼«å¨å‡ ä¸ªå˜´ç‚®æˆ‘å¯èƒ½æœ€å–œæ¬¢èšäººçš„è¿™äº›å¹¼é½¿æžç¬‘æ¢—ã€‚è²ä½›åœ¨é‡å­ä¸–ç•Œ30å¹´ä¸åƒä¸å–é‚£ä¹Ÿä¸è¯¥å˜è€ï¼Œä½†æ˜¯ä¸å˜è€çš„è¯å›žåˆ°çŽ°å®žå°±è·Ÿè€å…¬ä¸é…äº†ðŸ˜‚å®å¯bugä¹Ÿè¦è€å¤´è€å¤ªå‘å–œç³–æˆ‘ä¹Ÿæ˜¯æœçš„ã€‚å½“ç„¶ï¼ŒbugçœŸçš„å¾ˆå¤šå¾ˆå¤šäº†ï¼Œä¹Ÿå°±æ˜¯æ¼«å¨ï¼Œæ¢åˆ«çš„ç”µå½±è¿™ä¸ªåˆ†ææ€•è¦å†å‡3æ˜Ÿå¯èƒ½æ‰æ­£å¸¸ã€‚dcçš„è€ç‰Œæ˜Žæ˜Ÿçº·çº·è·³æ§½åŽ»äº†æ¼«å¨ï¼Œå…¶å®žä¹Ÿæ˜¯æ‹‰æ‹¢äº†ä¸€äº›dcç²‰ã€‚ä¸çŸ¥é“ç¥žå¥‡å¥³ä¾ æ‹‰å›žæ¥çš„dcäººæ°”æ˜¯ä¸æ˜¯å›žå…‰è¿”ç…§ï¼Œæ˜Žå¹´çš„æ²™èµžä¹Ÿæ˜¯ä¸€è„¸æ‰‘ç›¸ã€‚ã€‚dcç²‰è¿˜æ˜¯ä¼šç»§ç»­æœŸå¾…dcçš„ï¼ˆåœ¨è¿™é‡Œè¯´è¿™ç§è¯æ˜¯ä¸æ˜¯ä¸å¤ªå¥½ðŸ˜‚
412,æœ±æœ±æœ±å¤åŠ›â™¥,0,æŽ¨è,èšäººçœŸé¦™å•Šï¼Œäººäººè¹‚èºçš„â€œå°åª³å¦‡â€ï¼Œå°¤å…¶é™„èº«åŽgayçš„æµ‘ç„¶å¤©æˆï¼å’Œæ¯ä¸ªç”·æ€§è§’è‰²éƒ½èƒ½æœ‰ç«èŠ±ï¼Œå’Œä»»ä½•ä¸€ä¸ªç”·æ€§è§’è‰²å‡‘åœ¨ä¸€èµ·éƒ½å¥½åƒï¼
413,Thomas,3,è¿˜è¡Œ,æ²¡æœ‰ä»€ä¹ˆæƒŠå–œå§ï¼Œå°±æ˜¯ä¸€éƒ¨æ™®é€šçˆ†ç±³èŠ±ç”µå½±ã€‚ä¸Šéƒ¨å‰§æƒ…å¿˜äº†ï¼Œè¿™éƒ¨ç›´æŽ¥æŠŠå‰§æƒ…å†™åˆ°çŸ­è¯„é‡Œï¼Œæ¯•ç«Ÿæ˜¯ä¸ªè¿žç»­å‰§ã€‚èšäººä¸çŸ¥é“å’Œç¾Žé˜Ÿå¹²äº†å•¥ï¼Œè¢«ç¦è¶³äº†ï¼Œä½†æ˜¯å› ä¸ºå’Œé»„èœ‚å¥³å¦ˆé€šçµäº†å°±è¢«é»„èœ‚å¦‡å¥³å¸¦èµ°ã€‚è¦æ‰¾åäººè¦ä¸ªé›¶ä»¶å¼€å¯é‡å­é€šé“ï¼Œå½“ç„¶é€šé“å¼€äº†ï¼Œè€å¤´åŽ»æŠŠè€å©†æ•‘å›žæ¥äº†ï¼Œè€å©†è¿˜getäº†æ–°æŠ€èƒ½ï¼Œç»™ä¸€ä¸ªå½±åˆ†èº«çš„å§‘å¨˜æ²»ç—…ã€‚è€å¤´å¯å˜å¤§å˜å°çš„å®žéªŒå®¤å’Œè½¦å­ç‰¹ç‰›é€¼ï¼Œæƒ³è¦ï¼èšäººé»„èœ‚å¥³åˆç›¸çˆ±äº†ã€‚èšäººåŽ»é‡å­ç©ºé—´å–æŸæ ·ç‰©è´¨æ—¶ï¼Œç­éœ¸æ‰“äº†å“æŒ‡ï¼Œè€å©†è€ä¸ˆäººä¸ˆæ¯å¨˜éƒ½æ²¡äº†ã€‚æ‚¬å¿µæ˜¯èšäººå’‹å›žæ¥å‘¢ï¼Ÿ
414,æ˜“,0,è¿˜è¡Œ,é›¶é›¶ç¢Žç¢Žä¸€ä¸ªæ•…äº‹ã€‚
415,JosÃ©,1,è¿˜è¡Œ,ä¸­è§„ä¸­çŸ©ï¼Œåˆå®¶æ¬¢å¤§å›¢åœ†ï¼Œä¸»çº¿è–„å¼±ï¼Œçº¯å±žè¿‡æ¸¡ã€‚Dr. Pymä¾æ—§å¾ˆæœ‰èŒƒã€‚Hopeå¾ˆå¸…ã€‚ghostçº¯å±žé…±æ²¹ã€‚å½©è›‹æˆ‘*ä½ å¤§çˆ·ã€‚
416,æŸ’è‰²ã€‚,1,è¿˜è¡Œ,äº®ç‚¹åœ¨å½©è›‹
417,é˜¿èŽ±,0,è¿˜è¡Œ,å¾ˆæ¬¢ä¹çœ‹çš„å¾ˆå¼€å¿ƒï¼Œé™¤äº†å‘çˆ¹çš„å½©è›‹â€¦â€¦ä½†è¦è¯´å¤šå¥½ä¹Ÿä¸è‡³äºŽï¼Œæ‰€ä»¥å°±æ˜¯ä¸ªä¸­åº¸çš„åˆ†æ•°äº†ã€‚å¹½çµå¦¹çº¸é•¿çš„å¥½çœ‹ï¼Œç„¶è€Œè®¾å®šæœ‰ç‚¹æ¸£ï¼Œå¦ˆå¦ˆå‡ºæ¥åŽè¿™èƒ½åŠ›æœ‰ç‚¹æ— æ•Œäº†ï¼Œè¿˜æœ‰å¦ˆå¦ˆå¥½ç¾Ž~~~æƒ³åæ§½çš„æ˜¯ï¼Œå¥½å¤šæ‰“æ–—æ ¹æœ¬æ˜¯ç¡¬å¡žçš„æ²¡æœ‰å¿…è¦å§ï¼Œä¸€å¼€å§‹æŠ¢é›¶ä»¶é»„èœ‚å¥³å®Œå…¨å¯ä»¥æŠŠé›¶ä»¶ç¼©å°å°±å¾ˆè½»æ˜“æŠ¢èµ°å•Šï¼Œå’Œå¹½çµå¯¹æŠ—ä¹Ÿæ˜¯ï¼Œåªè¦ç¼©å°äº†å¹½çµå¯¹å¥¹æ ¹æœ¬æ²¡åŠžæ³•å§ã€‚åŽæ¥çš„è¿½è½¦æˆä¹Ÿæ˜¯ï¼Œä¸€ç›´æŠŠè½¦ç¼©å°çš„è¯ï¼Œå…¶ä»–è½¦ä¹Ÿå¯¹ä»–ä»¬æ²¡åŠžæ³•ã€‚åªèƒ½è¯´æ˜¯ä¸ºäº†å¢žåŠ è§†è§‰æ•ˆæžœå¼ºè¡ŒåŠ æˆï¼Œå´ä¸å¤Ÿåˆç†å•Šã€‚
418,å¼“è°·æ‰€é•·,1,æŽ¨è,éšéšè§‰å¾—ä¸å¤Ÿå¥½ï¼ˆåæ´¾ï¼‰ï¼Œä½†ä¸­é—´ä¸€æ®µç¬‘å¾—ä¸è¡Œï¼Œ3+1æ˜Ÿ
419,PageChen,0,è¿˜è¡Œ,å¦‚æžœèšäººæ˜¯ä¸ªgayï¼Œå¯èƒ½æ›´è®¨å–œä¸€ç‚¹ã€‚
420,Creep_,1,è¿˜è¡Œ,å„ç§ä¸€èˆ¬ ç¬‘ä¸å¤ªå‡ºæ¥
421,Conficlown,1,è¿˜è¡Œ,éšæ„ç¼©æ”¾çš„åŠŸèƒ½æ”¾åœ¨æ‰“æˆä¸­ï¼Œé€ å‡ºè®¸å¤šå¥‡è¶£ï¼Œæœ‰äº›åœºé¢æŽ¥è¿‘ç‰¹æ‘„ç‰‡äº†ã€‚å–œå‰§æ®µè½è¿˜æ˜¯é…å£åž‹é‚£æ®µæœ€å¥½çŽ©ã€‚
422,é†‰æ¢¦Â·èŠç”Ÿ,0,è¿˜è¡Œ,å¢¨è¥¿å“¥è¯å” ä¸‡å²ï¼
423,å¸å¾’é›·ç™»ä¸è¦èµ°,0,è¾ƒå·®,ä»€ä¹ˆå«æ— è„‘çˆ†ç±³èŠ±ï¼Ÿå°±æ˜¯ä½†å‡¡å¸¦ç‚¹è„‘å­å°±çœ‹ä¸ä¸‹åŽ»çš„ç”µå½±ã€‚æ§½ç‚¹æµ·é‡ï¼ŒæŠŠé‡å­ä¸–ç•Œæ‹å®žäº†åº”è¯¥æ˜¯å„ç§è ¢äº‹ä¸­æœ€è ¢çš„ä¸€æ¡©ã€‚
424,å­ä¹‰,0,è¿˜è¡Œ,æ˜Ÿç¾Žæ–°ä¸–ç•Œ  èŠ±æ ·æ¯”å‰ä½œå¤š
425,ç“¦è¾¾è¥¿ç“¦åˆåˆåˆæ¡‘åªçˆ±è¿™å·§å…‹åŠ›,0,è¿˜è¡Œ,æœ‰æœ‹å‹å°†æˆ‘ä¸€çœ‹æ¼«å¨å°±çŠ¯å›°çŽ°è±¡ï¼Œç†è§£ä¸ºæ²¡æœ‰è‹±é›„æƒ…ç»“å’Œè‹±é›„æ¢¦
426,æ·‹,0,è¿˜è¡Œ,è½»æ¾å–œå‰§ã€‚1é‡å­é¢†åŸŸç¥žå¥‡ï¼Œä¸ä»…å†»é¾„ï¼Œè¿˜30å¹´ä¸è„±å¦†ï¼›2åˆä»£é»„èœ‚è‰³åŽ‹å¥³å„¿åŠç­¹ï¼›3æ’ç§‘æ‰“è¯¨ï¼Œæœ‰äº›ç¬‘ç‚¹è¿˜æ˜¯ä¸é”™ï¼Œèƒ½getåˆ°ï¼›4æžå¤§æžå°å¤„åšæ–‡ç« ï¼Œè¿˜æ˜¯æŒºæœ‰è¶£å‘³çš„ï¼Œæœ‰æ‰©å±•çš„ç©ºé—´ï¼›5å½©è›‹æ˜¯çœŸçš„ç‰›æ‰¹ï¼Œæ¯”æ­£ç‰‡å±Œ
427,Sissi,0,è¿˜è¡Œ,è¿™éƒ¨å‰§æƒ…éžå¸¸ç®€å•ï¼Œåæ´¾ä¹Ÿç‰¹åˆ«å¼±ï¼ŒåŠ¨ä½œåœºé¢ä¹Ÿæ¯”è¾ƒå°‘ï¼Œä½†æ˜¯é‡å­ç©ºé—´ç‰¹æ•ˆå¾ˆç»šä¸½ï¼Œæ±½è½¦ï¼Œæ¥¼ï¼Œäººå„ç§å˜å¤§å˜å°çš„é•œå¤´å¾ˆæœ‰è¶£ï¼Œæ€»ä¹‹å°±æ˜¯ä¸€éƒ¨ä½Žæˆæœ¬å°æ ¼å±€çš„äºŒçº¿è¶…çº§è‹±é›„ç”µå½±ï¼Œå°±æ˜¯ä¸ªè§£é—·ç‰‡
428,æ™“æ™“ä¸€,0,æŽ¨è,å°±å–œæ¬¢ä¸æƒ³ç§°éœ¸ä¸–ç•Œçš„åæ´¾
429,ä¸æ˜¯MICHAELæ˜¯MI,1,æŽ¨è,çœ‹åˆ°çŽ°åœ¨æ‰å‘è§‰ï¼Œæˆ‘æ“¦é¾™ç é‡Œçš„å˜å¹»èƒ¶å›Šå˜›è¿™ä¸æ˜¯ï¼
430,å¼ éš,0,è¿˜è¡Œ,ä¿ç½—Â·è·¯å¾·çš„é­…åŠ›è¿˜æ˜¯åœ¨çš„ï¼Œä½†è¿™ä¸ªæ•…äº‹ç®€ç›´å¯ä»¥æŠŠäººé—·ç¡ç€ï¼Œå—¯ï¼Œæˆ‘è¿˜çœŸçš„ç¡ç€äº†ã€‚
431,åŒ…å­,0,è¿˜è¡Œ,Paulå»¶ç»­é€—æ¯”è®¾å®šï¼Œå¥³å„¿å¤§çœ¼ç›éžå¸¸æŠ¢é•œï¼Œåˆå®¶æ¬¢çˆ†è°·ç‰‡â€¦ç‰‡å°¾å½©è›‹é›†ä½“æ¶ˆå¤±åˆ°å“ªåŽ»â€¦Pfeifferä»æ—§ç¾Žâ€¦
432,ç¥žé©¬èš,0,åŠ›è,å“ˆå“ˆå“ˆå“ˆå“ˆå“ˆå“ˆå“ˆå“ˆå“ˆå“ˆå“ˆ
433,å—èµ«,0,æŽ¨è,This hit that ice cold. Michelle Pfeiffer that white gold.é™¤äº†åæ´¾å¤ªå¼±ä»¥å¤–ï¼Œæ•´ä½“ä½œä¸ºè¶…è‹±å–œå‰§å¾ˆä¼˜ç§€äº†ï¼ŒèŠ‚å¥æŽŒæ¡çš„å¾ˆå¥½ï¼Œä»Žä¸»è§’åˆ°é…è§’éƒ½å¾ˆæžç¬‘ï¼Œè¿˜è‡ªå·±åæ§½è‡ªå·±ã€‚
434,Mr.Hungry,0,æŽ¨è,æƒ³è¦è¡¨è¾¾æžç¬‘ï¼Œä¸€ä¸å°å¿ƒå°±æŸšå­äº†ðŸ˜‚ã€‚ä¸è¿‡ï¼Œçœ‹çš„è›®çˆ½å°±è¡Œäº†ï¼Œå†µä¸”èŽ‰èŽ‰å§‘å¨˜è¿˜æ²¡é•¿è€äº†ã€‚ã€‚ã€‚é‚£äº›ä¸ªæ‰‹åŠžçœŸä¸é”™ðŸ˜
435,æ‡’å¾—æ‡’äº†,0,è¿˜è¡Œ,å˜´ç‚®å°è¯æ°´å¹³å…¶å®žè¶…è¿‡èœ˜è››ä¾ å’Œæ­»ä¾ç³»åˆ—ï¼Œç¼ºç‚¹å°±æ˜¯æŠŠä¸€åˆ‡ç§‘å¹»è®¾å®šå’Œèƒ½åŠ›éƒ½æ‹å¹³åœ¨æ‰“æ‰“æ‰“å±‚é¢ä¸Šï¼Œçœ‹ä¹…äº†çœŸçš„ä¹å‘³åˆ°å®¶ã€‚
436,é£Žé—´éš¼,0,è¿˜è¡Œ,å¦‚æžœæˆ‘æœ‰ä»™å¥³æ£’ å˜å¤§å˜å°å˜æ¼‚äº®
437,çŒ«è‹¦è‰¾ã€‚,0,æŽ¨è,ä»…æ¬¡äºŽæ­»ä¾çš„æ¼«å¨ç¬¬äºŒé€—æ¯”ç”µå½±ï¼Œè€Œä¸”çœ‹å®Œè®©æˆ‘æ›´åŠ æœŸå¾…å¤è”4äº†ã€‚åˆ°åº•é‡å­å¤§æˆ˜æ€Žä¹ˆå‘å±•ï¼Ÿ
438,ç©ºå±±,0,æŽ¨è,è‹±é›„ä¹Ÿæ˜¯å‡¡äºº
439,Crazy Ivan,0,è¿˜è¡Œ,æ— èŠã€‚ä¹Ÿä¸å¥½ç¬‘
440,ç¤ºä¸”æœ¨åˆ,0,æŽ¨è,ä½œå­½å•Šï¼Œä¸ºä»€ä¹ˆä¸ç¡åˆè§‰ä¹°äº†ä¸€åœº4Dçš„ç¥¨ã€‚ã€‚ã€‚ã€‚ã€‚
441,seamouse,1,æŽ¨è,ä»¥ä¸ºæ˜¯æ²»æ„ˆå¦‡è”3çš„ï¼Œä¸çœ‹å½©è›‹å°±è¿˜æŒºæ²»æ„ˆçš„ã€‚å˜´ç‚®ç¬‘æ­»äººã€‚
442,é›…æ–¯ç§‘ç½—å®,0,æŽ¨è,å¥½å¥½ç¬‘
443,å°‘å¹´æ´¾çš„å´›èµ·,0,æŽ¨è,ä¸é”™ä¸é”™ï¼Œå˜å¤§å˜å°å˜è‡ªå·±å˜åˆ«äºº
444,çŽ‹å¯Œè´µ,1,è¿˜è¡Œ,ä½ ä»¬éƒ½æ˜¯ å¤è” ç•ªå¤–ç¯‡ï¼
445,kingkongofkhan,0,è¿˜è¡Œ,Luisä»€ä¹ˆæ—¶å€™è‡ªå·±ä¸»æ¼”ä¸€éƒ¨å§ï¼Œä¼šçƒ­å–çš„ã€‚
446,Ron Chan,0,æŽ¨è,å‡ åº¦ç¬‘æ™•è¿‡åŽ»ã€‚
447,pksky,0,è¿˜è¡Œ,çœŸçš„ç–²åŠ³äº†ã€‚å¤è”4èµ¶ç´§ç»ˆç»“æŽ‰æ¼«å¨å®‡å®™å§ã€‚
448,æ¢¦æ¸¸,0,æŽ¨è,ä¸é”™çš„å¨±ä¹ç‰‡ã€‚æœ€è®©æˆ‘æƒŠå¹çš„æ˜¯æ¼«å¨ç”¨äº†ä½•ç­‰é«˜è¶…çš„æŠ€æœ¯æŠŠè¿ˆå…‹å°”Â·é“æ ¼æ‹‰æ–¯å’Œç±³æ­‡å°”Â·è²ä½›çš„è€è„¸é‡æ–°æ‹‰å›žä»–ä»¬20-30å¹´å‰çš„çŠ¶æ€äº†ï¼Œè€Œä¸”å¦‚æ­¤çœŸå®žï¼Œç»éžç”µå½±åŒ–å¦†æŠ€æœ¯å’Œä¹‹å‰çš„CGæ‰€èƒ½è¾¾åˆ°çš„ã€‚
449,gegemoon,1,è¿˜è¡Œ,æ— åŠŸæ— è¿‡çš„æ¼«å¨æµæ°´çº¿äº§å“ï¼Œä¸€äº›å°çš„åŠ¨ä½œè®¾è®¡è¿˜ä¸é”™ï¼Œæ²¡å¤ªå¤§æƒŠå–œï¼Œé‡å­ä¸–ç•Œå’Œæˆ˜æ–—æŠ€æ³•åœ¨ç¬¬ä¸€éƒ¨å’Œç¾Žé˜Ÿ3é‡Œéƒ½å±•ç¤ºè¿‡äº†ï¼Œæ®µå­å€’æ˜¯è€çš„ä¸é”™
450,çœ¯ç€çœ¼çš„åŽç¶çŒ«,0,æŽ¨è,çœ‹å®Œä¹‹åŽæ‰ååº”è¿‡æ¥ä¸ºå•¥ä¹é«˜é‚£ä¹ˆè´µâ€¦â€¦psï¼šçœ‹å½©è›‹å¦‡è”4æ˜¯è¦å¸¦èšäººçŽ©å¹¶æ‹¯æ•‘ä¸–ç•Œäº†â€¦â€¦
451,çŽ›ä¸½èŽ²Â·å­ŸèŽ·,0,è¿˜è¡Œ,å®¶åº­ï¼Œå·¥ä½œï¼Œæ•‘äººä¸‰æ¡çº¿ï¼Œå¤–åŠ éšèº«äººï¼Œé»‘å¸®ä¸¤æ¡çº¿ï¼Œäº”çº¿è°±æ“æ‰
452,å³è´°å,0,åŠ›è,"åˆå®¶æ¬¢
å¹¸ç¦"
453,åŠŸå¤«å…”å­,0,è¾ƒå·®,è¿žä¸€æœ¬æ­£ç»éƒ½æ‡’å¾—çš„èƒ¡è¯´å…«é“
454,ç§‹æ°´,0,æŽ¨è,åˆå®¶æ¬¢ç”µå½±ã€‚çœŸçš„å¾ˆé€‚åˆå¸¦ç€å…¨å®¶åŽ»çœ‹ã€‚æœ—å¦ˆé‚£æ®µçœŸçš„ç¬‘ç–¯äº†ã€‚ç¬¬ä¸€ä¸ªå½©è›‹çœ‹çš„æˆ‘ã€‚ã€‚ã€‚æƒ³éª‚äººã€‚ã€‚ã€‚ã€‚åŽ»ä½ å¦¹å¤«çš„ä¸‰ä¸ªäººå…¨éƒ¨åŒ–ç°äº†ã€‚ã€‚é¸¡çš®ç–™ç˜©éƒ½èµ·æ¥äº†ã€‚å…¶å®žå¯ä»¥çŒœåˆ°ï¼Œæœ—çˆ¹ä¸€ä¸ªäººåœ¨é‚£æŠ˜è…¾çš„æ—¶å€™è¿›äº†æ—¶é—´æ¼©æ¶¡ã€‚ç„¶åŽå’Œç ”ç©¶æ—¶é—´çš„é’¢é“ä¾ ä¸€èµ·å‡ºçŽ°åœ¨2012çº½çº¦å¤§æˆ˜ã€‚ä»–æ‰‹ä¸Šçš„èƒ½é‡æˆ–è®¸æ˜¯æ—¶é—´ç©¿è¶Šç ”ç©¶çš„è¾…æ–™ã€‚
455,hiro,0,æŽ¨è,è¿™æ˜¯æˆ‘ç¬¬äºŒå–œæ¬¢çš„æ¼«å¨ç”µå½±ï¼ŒPaul RuddçœŸæ˜¯éš”ç€å‡ å±‚å±å¹•éƒ½èƒ½ä¸€çœ¼çœ‹å‡ºæ¥æ˜¯ç™½ç¾Šç”·ã€‚
456,èƒ¡äºŒ,0,è¿˜è¡Œ,ä¸€å¦‚æ—¢å¾€çš„æ¬¢å¿«
457,/\ éš±å»‚ã€‚,0,è¿˜è¡Œ,å°‘äº†ç¬¬ä¸€éƒ¨å¸¦æ¥çš„æ–°é²œæ„Ÿï¼Œæ•…äº‹ä¹Ÿæ— èŠäº†ä¸€äº›ã€‚å…¨ç¨‹è¡¨çŽ°æœ€å‡ºè‰²çš„å¯èƒ½æ˜¯é‚£ä¸ªHelloKittyçš„ç³–æžœç›’å­ã€‚
458,å¤©ç„¶,0,è¿˜è¡Œ,è›¤ é“ª å“ˆ è¿˜æŒ‡æœ›èšäººæ•‘äºº....
459,wiseðŸ¾å–µæ‚ å“‰,0,æŽ¨è,Ghostç®€ç›´è£…å¤‡å°±å’ŒDestinyçš„çŒŽäººèŒä¸šä¸€æ¨¡ä¸€æ ·ï¼ï¼ï¼
460,Sodomç¨‹,0,æŽ¨è,å™äº‹æˆç†Ÿï¼ŒèŠ‚å¥æ„Ÿéžå¸¸å¥½ï¼Œæ¼«å¨ç”µå½±å‘å±•åå¹´ï¼Œè¿™ç§å™äº‹å·²ç„¶æ˜¯è½»è½¦ç†Ÿè·¯äº†ã€‚ä¸å¤ªå–œæ¬¢æ–¯ç§‘ç‰¹é‚£äº›æ’ç§‘æ‰“è¯¨çš„å°è¯ï¼Œèšäººçš„è§’è‰²è®¾å®šå¹¶ä¸å¤ªé€‚åˆæžç¬‘ï¼Œå·²ç»æœ‰äº†ä¸€ä¸ªæ­»ä¾ï¼Œå†ç¡¬æ‹—è¯å” äººè®¾æœªå…å°´å°¬ï¼Œåšä¸€ä¸ªæ…ˆçˆ¶æŒºå¥½çš„ï¼ŒæŠŠæžç¬‘çš„ä»»åŠ¡äº¤ç»™å¢¨è¥¿å“¥å°å“¥å°±å¯ä»¥äº†ã€‚é‡å­ç©ºé—´çš„å¼•å…¥å¤ªä»¤äººæƒŠå–œï¼Œä¸€ä¸ªå……æ»¡æœªçŸ¥çš„å¼‚ä¸–ç•Œä¼šç»™æ¼«å¨å®‡å®™å¸¦åŽ»æ›´å¤šçš„ç”Ÿå‘½åŠ›ã€‚ç¬¬ä¸€ä¸ªå½©è›‹å¥½æƒŠæ‚šï¼Œä½†ä¹Ÿç»™äººå¾ˆå¤šæœŸå¾…ï¼Œèšäººå°†æ˜¯å¤è”æ‰“è´¥ç­éœ¸çš„å…³é”®ä¹Ÿè¯´ä¸å®šã€‚P.S.åˆä»£é»„èœ‚å¥³ç«Ÿç„¶æ˜¯ç±³æ­‡å°”Â·è²ä½›æ‰®æ¼”ï¼Œå®žåœ¨å¤ªæƒŠè‰³äº†ï¼Œå…‰å½©ç›–ä½äº†å¹´è½»æ¼”å‘˜ä»¬ã€‚
461,laurenâ…¢,0,è¿˜è¡Œ,è°éƒ½ä¸å¤ªåœ¨ä¹Žçš„ä¸­åœºè¿‡æ¸¡ç‰‡ï¼Œå„ç§å‡‘æ´»
462,å®‡å°æ•,0,åŠ›è,å“ˆå“ˆå“ˆå“ˆå“ˆå“ˆçš„å…¨ç¨‹ç¬‘ä¸ªä¸åœç»“æžœåœ¨å½©è›‹ç»“æŸçš„æ—¶å€™æªå¿ƒçš„éš¾å—ï¼Œå†è®©äººæœŸå¾…ä¸‹ä¸€ä½œä¹Ÿä¸å¸¦è¿™æ ·çŽ©çš„å§ï¼è™½ç„¶æ¼«å¨çš„ç”µå½±æžœç„¶æ˜¯ä¸å¯å¦å®šçš„å¤§ä¿—å¥—ï¼Œä½†æ‰€æœ‰çš„è¯è¯­å‰é¢åŠ ä¸ªâ€œé‡å­â€æžœç„¶å°±ä¸ä¸€æ ·äº†å‘¢ï¼æ¯”è¾ƒå¯æƒœçš„æ˜¯å¥³åæ´¾çš„è®¾å®šï¼Œæ˜Žæ˜Žéƒ½æŒç»­é«˜èƒ½äº†ï¼Œæ€Žä¹ˆä¼šåœ¨æœ€å…³é”®çš„æ—¶å€™æ’žæ–­è…°å‘¢ï¼ã€å¤šä¸€æ˜Ÿç»™å¢¨è¥¿å“¥å¥½åŸºå‹ï¼
463,Hushnore,0,æŽ¨è,æƒ³å¼€çŽ©å…·å°è½¦
464,Y.Phoenix,0,æŽ¨è,å¾ˆæœ‰è¯šæ„çš„æžç¬‘ç‰‡
465,metaphor17,0,è¿˜è¡Œ,èšäººç³»åˆ—ä¾ç„¶æ˜¯æˆ‘æ¼«å¨é‡Œæœ€å–œæ¬¢çš„ï¼Œç¬‘ç‚¹åŸºæœ¬éƒ½èƒ½get2333.å¾®è§‚ä¸Žå®è§‚è§†è§’çš„ä¸æ–­è½¬æ¢ä¸Žèžåˆè¿˜æ˜¯å¾ˆå¥½çŽ©ï¼Œæ¯”è‹¦å¤§ä»‡æ·±çš„å¤è”é‚£è¾¹æœ‰è¶£å¤šäº†ã€‚
466,å°ä½•æ‰éœ²æ–°ä¸€è§’,1,æŽ¨è,å¥½å¥½ç¬‘ï¼è€ä¸ˆäººä¸è€çƒ¦å¹´è½»äººè°ˆæ‹çˆ±ï¼Œæ¯æ¬¡éƒ½è¦åæ§½ï¼Œç»“æžœå¤ªå¤ªé™„èº«scottçš„æ—¶å€™ä¸€ç§’ä¸ç”¨å°±æŽ¥å—äº†è¿™ä¸ªè®¾å®šæ‰‹æ¡æ‰‹æ‘¸è„¸å¾®ç¬‘ï¼Œè°éƒ½ä¸è¦å«Œå¼ƒè°é»ç³Šå•¦hhhhhhè€Œä¸”è¿™ä¸ªç‰‡å­é‡Œå¤§åæ´¾éƒ½ä¸åšåäº‹ï¼Œå°åæ´¾åªæ˜¯æˆ˜äº”æ¸£ï¼Œèšäººä¸–ç•Œå¥½å’Œå¹³å“ˆå“ˆå“ˆå“ˆå“ˆï¼ï¼ï¼
467,äºŒé“è´©å­,0,è¿˜è¡Œ,å’Œç¬¬ä¸€éƒ¨å¯¹æ¯”ï¼Œåªèƒ½æ›´è‚¯å®šåœ°è¯´ç¬¬ä¸€éƒ¨æ‰€æœ‰é‚£äº›é—ªå…‰ç‚¹ï¼ˆç¬‘ç‚¹å’Œè§†è§‰ä¸Šï¼‰ä¼°è®¡éƒ½æ˜¯åŸƒå¾·åŠ èµ–ç‰¹é—ç•™çš„å‰§æœ¬æ‰€å¸¦æ¥çš„å§ï¼Œè¿™éƒ¨çœŸçš„ä»€ä¹ˆä¸œè¥¿éƒ½æ²¡æœ‰ï¼Œå”¯ä¸€å¥½ç‚¹çš„å¯èƒ½æ˜¯ç¬‘ç‚¹è™½ç„¶ä¸é«˜æ˜Žï¼Œä½†è‡³å°‘ä¸ä¼šå†™çš„è®©äººåŽŒæ¶â€¦â€¦ 6.0åˆ†â˜…â˜…â˜…
468,é¹¿èœ€,0,è¾ƒå·®,çœŸçš„å¥½æ— è¶£ï¼Œè¿™ä¹ˆå¤šå¹´ï¼Œå¼€å§‹å¯¹æ¼«å¨å…ç–«äº†ã€‚
469,steflover,1,è¿˜è¡Œ,è™½ç„¶å…¨ç¨‹éƒ½åœ¨å’Œç³»åˆ—å®‡å®™æ‹‰å…³ç³»ï¼Œä½†æœ¬ç‰‡å¯èƒ½æ˜¯è¿‘æœŸå°†ä½œå“ç‹¬ç«‹æ€§ä¿æŒçš„æœ€å¥½çš„æ¼«å¨ç”µå½±äº†ï¼Œå½“ç„¶æœ€å¥½çœ‹çš„éƒ¨åˆ†æ˜¯è¿˜æ˜¯æ®µå­å’Œå®¶åº­å‰§éƒ¨åˆ†ã€‚æ„Ÿè§‰æ•´ä½“çš„åˆ¶ä½œæ€åº¦æœ‰äº›æ•·è¡ï¼Œä¸€äº›æƒ…èŠ‚åŒ†åŒ†å¿™å¿™å°±æ¼”å®Œäº†ï¼Œä¸ªäººä¾æ—§è®¤ä¸ºå°†è¿™ç§è®ºèµ„æŽ’è¾ˆçš„å®£å‘æ€ç»´æ¸—é€åˆ°ä½œå“æ‹æ‘„ä¸­çš„åšæ³•æ˜¯ä¸å¯å–çš„ã€‚
470,ç‰§ä¸‰æ´µ,0,æŽ¨è,æ„Ÿè§‰æ¯”æ­£è·¯å­ä¸Šçš„avengersè¦å¥½ä¸€ç‚¹
471,æ­»å’—,0,è¿˜è¡Œ,å¯¹æ¯”ç¬¬ä¸€éƒ¨æœ‰ä¸å°‘å·®è·ã€‚è¿™ä¸ªåæ´¾å¾ˆç‰µå¼ºï¼Œæ•´ä½“å°±ä¸å¤Ÿæµç•…ã€‚æœ€å¥½ç¬‘çš„è¿˜æ˜¯å¯¹å£åž‹çš„éƒ¨åˆ†ï¼Œå“ˆå“ˆ~
472,è™¹,0,è¾ƒå·®,åœ¨ç”µå½±é™¢åˆç¡ç€äº†ï¼Œå¯¹ä¸èµ·
473,ç™½ç‰™å°–,0,æŽ¨è,ä¸€å®šè¦çœ‹å®Œç¬¬ä¸€ä¸ªå½©è›‹å–”ï¼ç­‰å¾…å¦‡è”4çš„å¿ƒæƒ…ä¹Ÿè·Ÿç°é£žçƒŸç­ä¸€æ ·ã€‚
474,seabiscuit,0,è¿˜è¡Œ,æ¯”è¾ƒå¼±çš„è‹±é›„ æ²¡å•¥èƒ½åŠ› å’Œé˜¿æ¯›è¿˜æœ‰æˆ˜äº‰æœºå™¨ä¸€æ ·è°ä¸Šè°è¡Œçš„é‚£ç§ å°±åªèƒ½é ç¬‘ç‚¹æ”¯æ’‘ ç»“å°¾å•Š  ç”µå½±é™¢å°±æˆ‘ä¸€ä¸ªèªæ˜Žäººï¼ï¼
475,â—£æ±äº¬æµ®æ˜¥â—¢,0,è¿˜è¡Œ,åæ´¾å¤ªå¼±äº†ï¼Œè€Œä¸”å¬åˆ»æ¿çš„ã€‚ä¸è¿‡é‡å­ç§‘æŠ€æ„Ÿè§‰å¯ä»¥ç¼–æ›´å¤šæ•…äº‹å‡ºæ¥
476,æŽæ¿›Lemon,0,è¿˜è¡Œ,åˆå®¶æ¬¢è¿‡æ¸¡ç”µå½±ï¼Œå³ä½¿è¿™æ ·ï¼Œä½†æœ‰æ¼«å¨åŠ æŒè¿˜æ˜¯æ¯”ä¸€èˆ¬ç”µå½±å¥½çœ‹å¾ˆå¤šè¯¶ã€‚æˆ‘è¿˜æ˜¯è§‰å¾—å˜å°ä¸è¸©ç©¿åœ°æ¿æœ‰BUG
477,ç™½è¡£å¿ç›¸,0,è¾ƒå·®,çœŸçš„æ˜¯æ²¡æœ‰ç¬¬ä¸€éƒ¨ç²¾å½©ï¼Œç”Ÿç¡¬çš„å‰§æƒ…ï¼Œåœˆé’±ç”µå½±ã€‚
478,æªæ˜‚æ˜‚æ˜‚ç“·,0,è¿˜è¡Œ,ç»“æŸåŽkomaå‘Šè¯‰æˆ‘æœ€åŽçš„ç°é£žçƒŸç­ï¼ŒåŽŸæ¥æ˜¯ç­éœ¸çš„å“æŒ‡ã€‚çœ‹æ¥ï¼Œçœ‹æ¼«å¨ç”µå½±éœ€è¦è¿žè´¯ï¼Œä¸€å®¶äººæ•´æ•´é½é½ã€‚ä¸‡æŸ³ï¼Œ2018.8.26
479,W I l l,0,è¿˜è¡Œ,å…¶å®žè¿˜ä¸é”™ï¼Œè§‚å½±è¿‡ç¨‹æžåº¦æ‹…å¿§è€æ¯äº²ä¼šé»‘åŒ–ï¼Œè¿˜å¥½æ²¡æœ‰ã€‚æ»¡æ„ã€‚
480,å·«å°èƒ½,1,è¿˜è¡Œ,ç•¥è§‰å¤±æœ›ï¼Œèšäººè¿™ä¸ªä¸»é¢˜å·²ç»è¶³å¤Ÿå°å®¶å­æ°”äº†ï¼Œä½†1å¥½æ­¹è¿˜æœ‰çˆ¶å¥³æƒ…æ·±å’Œå°äººç‰©çš„åŠªåŠ›æŒ£æ‰Žè¿™äº›çœ‹ç‚¹ï¼Œåˆ°äº†è¿™ä¸€éƒ¨åˆ™ä¹å–„å¯é™ˆï¼Œæ»¡è„‘å­éƒ½æ˜¯è¿ˆå…‹å°”ä½©çº³å•°å—¦åˆå¤šä½™çš„8æ‹‰8æ‹‰ï¼Œæœ‰æ²¡æœ‰å‡‘å­—æ•°å†™å‰§æœ¬çš„æ„Ÿè§‰ï¼Ÿå¯¹å‰§æƒ…å‘å±•å¯æœ‰ä»»ä½•å¸®åŠ©ï¼Ÿå¹¶ä¸”åæ´¾ä¹Ÿå®žåœ¨æ˜¯ä¸æ‹‰é£Žä¸ç»™åŠ›ï¼Œæ­£æ´¾æ›´æ˜¯ç¼ºä¹äº®ç‚¹ï¼Œé‡å­é¢†åŸŸçš„æ¦‚å¿µå°±æœ‰äº›èƒ¡è¯´å…«é“äº†ï¼Œä½ ä»¬çœ‹å‡ºé‡å­çº ç¼ å’Œé¬¼ä¸Šèº«çš„åŒºåˆ«äº†å—ï¼Ÿ
481,é¢œè½å¯’,0,,
482,burglaryod,0,,
483,qw0aszx,1,,
484,å¿˜è®°è¯´è°¢è°¢,0,,
485,è¥¿å‡‰è™«,0,,
486,æ¥šç¿°å½»,0,,
487,Clefairy,0,,
488,é›¨å°ç®«å£°,0,,
489,æ±Ÿæž«æ¸”ç«,0,,
490,å¤§éšéšäºŽå¸‚,0,,
491,é˜¿é¡º,0,,
492,è¯äº‹äºº,0,,
493,å“”å‘£å’£å•µã®å“¸å•,0,,
494,é™ˆè£¸,0,,
495,å“ˆé‡Œç ´ç‰¹,0,,
496,å°é…·è±†,0,,
497,cnniuge,0,,
498,å¥½å˜¢ï¼,0,,
499,Tina,0,,
